2 1 489 143 112 108 
2 2 914 914 118 85 
2 3 603 345 111 97 
2 4 1020 716 92 128 
2 5 1021 961 121 88 
2 6 383 871 107 89 
2 7 221 768 66 123 
2 8 140 157 60 118 
2 9 261 679 113 88 
2 10 357 109 66 111 
2 11 274 133 101 76 
2 12 142 393 116 48 
2 13 711 825 85 118 
2 14 444 599 68 135 
2 15 280 1003 92 69 
2 16 222 976 98 62 
2 17 549 0 103 66 
2 18 111 597 54 125 
3 1 489 141 113 110 
3 2 914 914 118 85 
3 3 604 345 111 97 
3 4 1020 716 92 127 
3 5 1020 962 121 87 
3 6 383 871 107 89 
3 7 220 767 67 123 
3 8 140 157 60 119 
3 9 263 679 112 87 
3 10 357 108 65 112 
3 11 274 133 100 77 
3 12 143 394 116 48 
3 13 709 829 85 118 
3 14 443 600 67 134 
3 15 279 1004 91 68 
3 16 225 976 96 61 
3 17 549 0 103 66 
3 18 110 602 55 128 
4 1 489 141 114 110 
4 2 914 914 116 85 
4 3 604 345 112 97 
4 4 1020 716 92 127 
4 5 1019 962 122 88 
4 6 384 871 106 89 
4 7 220 766 67 124 
4 8 140 157 61 119 
4 9 263 679 112 86 
4 10 356 107 67 112 
4 11 275 134 99 76 
4 12 142 395 117 47 
4 13 706 832 86 119 
4 14 443 603 65 129 
4 15 279 1004 91 68 
4 16 228 976 95 59 
4 17 549 1 104 66 
4 18 110 608 56 129 
5 1 490 142 113 109 
5 2 914 914 117 85 
5 3 604 345 111 97 
5 4 1020 716 92 127 
5 5 1017 961 123 89 
5 6 384 871 106 89 
5 7 220 767 66 123 
5 8 139 157 61 119 
5 9 265 679 111 86 
5 10 356 106 66 113 
5 11 276 134 100 76 
5 12 144 395 115 47 
5 13 703 835 86 119 
5 14 444 607 63 123 
5 15 278 1004 91 68 
5 16 235 976 93 58 
5 17 548 1 104 67 
5 18 111 616 55 127 
6 1 490 142 113 109 
6 2 915 915 115 83 
6 3 604 346 111 96 
6 4 1020 717 92 128 
6 5 1018 963 119 86 
6 6 384 872 106 87 
6 7 220 766 67 123 
6 8 139 158 60 118 
6 9 265 678 112 87 
6 10 356 105 66 113 
6 11 277 134 99 76 
6 12 143 395 117 47 
6 13 700 841 84 115 
6 14 444 609 63 120 
6 15 275 1002 94 70 
6 16 239 977 90 55 
6 17 548 1 104 67 
6 18 112 623 55 126 
7 1 489 141 114 110 
7 2 915 915 115 83 
7 3 604 346 112 97 
7 4 1020 717 92 128 
7 5 1017 963 120 87 
7 6 384 872 106 87 
7 7 220 765 67 124 
7 8 140 159 60 117 
7 9 266 678 112 87 
7 10 357 104 65 112 
7 11 277 134 99 76 
7 12 143 395 117 47 
7 13 696 848 82 111 
7 14 444 611 63 117 
7 15 274 1002 93 70 
7 16 240 976 92 55 
7 17 548 1 105 67 
7 18 114 630 54 124 
8 1 490 142 113 109 
8 2 915 916 115 82 
8 3 604 346 112 97 
8 4 1020 718 92 128 
8 5 1016 963 121 88 
8 6 384 872 106 86 
8 7 220 765 68 124 
8 8 140 159 60 118 
8 9 265 676 114 90 
8 10 357 103 65 113 
8 11 278 134 97 76 
8 12 143 395 117 47 
8 13 691 852 82 110 
8 14 444 612 64 115 
8 15 273 1003 93 69 
8 16 242 976 92 54 
8 17 547 1 106 68 
8 18 114 636 54 123 
9 1 489 141 115 110 
9 2 914 915 116 83 
9 3 604 346 112 97 
9 4 1019 716 93 130 
9 5 1016 964 120 87 
9 6 385 872 105 86 
9 7 221 764 66 124 
9 8 140 159 60 118 
9 9 265 676 114 90 
9 10 357 102 64 112 
9 11 278 134 98 76 
9 12 144 395 116 47 
9 13 687 855 83 109 
9 14 443 613 65 114 
9 15 274 1004 90 68 
9 16 244 976 92 53 
9 17 546 0 106 69 
9 18 113 643 55 122 
10 1 488 141 116 110 
10 2 913 914 117 84 
10 3 604 346 112 98 
10 4 1019 716 92 128 
10 5 1016 966 118 86 
10 6 386 872 104 86 
10 7 221 764 66 123 
10 8 140 159 60 118 
10 9 268 677 110 88 
10 10 356 102 64 110 
10 11 279 134 98 76 
10 12 145 395 114 47 
10 13 684 859 84 108 
10 14 442 615 66 111 
10 15 274 1004 89 68 
10 16 247 975 92 53 
10 17 545 0 106 69 
10 18 114 649 54 120 
11 1 488 141 116 110 
11 2 913 914 118 84 
11 3 604 346 112 98 
11 4 1019 716 93 129 
11 5 1015 966 118 87 
11 6 386 872 104 85 
11 7 221 764 66 122 
11 8 140 159 60 118 
11 9 268 677 111 88 
11 10 355 100 63 110 
11 11 279 134 98 76 
11 12 145 395 114 47 
11 13 684 864 82 104 
11 14 440 616 68 109 
11 15 274 1005 89 66 
11 16 248 974 94 53 
11 17 545 0 105 69 
11 18 114 652 55 120 
12 1 488 140 116 111 
12 2 912 914 119 84 
12 3 604 346 112 98 
12 4 1019 716 93 129 
12 5 1014 967 119 86 
12 6 386 872 104 85 
12 7 220 764 67 122 
12 8 140 159 60 118 
12 9 269 677 111 88 
12 10 354 99 64 110 
12 11 280 134 97 77 
12 12 145 396 115 45 
12 13 682 868 81 102 
12 14 440 619 68 106 
12 15 274 1005 88 66 
12 16 249 972 97 54 
12 17 545 0 106 69 
12 18 114 655 56 122 
13 1 488 140 116 111 
13 2 913 914 117 84 
13 3 604 347 112 97 
13 4 1019 715 93 130 
13 5 1014 968 117 86 
13 6 387 871 104 86 
13 7 220 763 68 123 
13 8 139 160 61 117 
13 9 269 676 112 90 
13 10 354 97 63 110 
13 11 280 134 97 77 
13 12 145 396 115 46 
13 13 678 874 82 100 
13 14 439 621 69 103 
13 15 272 1006 89 66 
13 16 249 970 103 56 
13 17 546 0 105 69 
13 18 114 663 57 123 
14 1 488 140 116 111 
14 2 914 915 115 82 
14 3 605 348 110 96 
14 4 1019 715 92 129 
14 5 1013 968 117 85 
14 6 388 871 104 85 
14 7 221 762 67 124 
14 8 139 159 60 117 
14 9 270 676 110 90 
14 10 354 96 62 110 
14 11 281 134 96 77 
14 12 145 397 115 45 
14 13 674 877 83 100 
14 14 438 625 70 98 
14 15 271 1006 90 67 
14 16 250 968 105 57 
14 17 546 0 104 69 
14 18 115 670 55 120 
15 1 488 141 116 110 
15 2 914 915 115 82 
15 3 606 349 109 95 
15 4 1019 715 93 130 
15 5 1011 967 118 86 
15 6 388 871 104 84 
15 7 221 762 67 123 
15 8 139 159 61 117 
15 9 271 676 110 90 
15 10 354 96 61 108 
15 11 281 134 96 77 
15 12 145 397 115 45 
15 13 669 879 85 101 
15 14 437 627 71 95 
15 15 270 1006 90 67 
15 16 251 967 107 57 
15 17 546 0 104 69 
15 18 115 676 55 118 
16 1 489 143 114 108 
16 2 914 914 116 82 
16 3 606 350 109 94 
16 4 1019 715 92 128 
16 5 1009 968 117 85 
16 6 389 871 102 84 
16 7 220 762 67 123 
16 8 138 159 62 117 
16 9 271 675 110 91 
16 10 354 96 61 108 
16 11 282 134 95 78 
16 12 145 397 115 45 
16 13 666 885 84 97 
16 14 436 629 73 93 
16 15 268 1006 90 67 
16 16 253 966 107 57 
16 17 546 1 104 68 
16 18 114 680 57 120 
17 1 489 142 115 109 
17 2 913 914 118 83 
17 3 606 350 109 94 
17 4 1019 715 91 128 
17 5 1009 969 117 84 
17 6 389 871 103 83 
17 7 220 761 67 124 
17 8 138 158 62 119 
17 9 273 675 109 90 
17 10 352 92 63 111 
17 11 282 134 96 78 
17 12 145 397 115 45 
17 13 660 894 82 90 
17 14 435 631 73 88 
17 15 267 1006 89 67 
17 16 257 964 108 56 
17 17 541 4 102 66 
17 18 115 688 57 119 
18 1 490 143 114 108 
18 2 912 913 120 84 
18 3 606 350 108 94 
18 4 1019 715 91 128 
18 5 1008 970 117 85 
18 6 390 872 101 82 
18 7 220 761 68 123 
18 8 137 158 63 119 
18 9 274 675 108 90 
18 10 351 91 64 112 
18 11 283 134 95 79 
18 12 145 397 115 45 
18 13 656 898 84 89 
18 14 434 632 75 86 
18 15 265 1006 90 67 
18 16 260 963 108 56 
18 17 540 5 102 65 
18 18 115 694 57 119 
19 1 490 143 115 108 
19 2 911 913 121 84 
19 3 606 350 109 94 
19 4 1019 715 92 128 
19 5 1006 971 119 85 
19 6 390 872 101 82 
19 7 220 760 67 124 
19 8 137 158 63 119 
19 9 275 675 106 90 
19 10 351 91 63 112 
19 11 283 134 95 79 
19 12 145 397 116 44 
19 13 652 900 87 89 
19 14 434 636 74 80 
19 15 264 1006 90 67 
19 16 261 962 111 57 
19 17 539 6 103 64 
19 18 116 698 57 119 
20 1 491 144 114 107 
20 2 911 912 120 85 
20 3 605 350 110 94 
20 4 1019 715 92 128 
20 5 1005 971 120 86 
20 6 390 873 101 81 
20 7 220 759 67 124 
20 8 137 157 63 120 
20 9 276 674 107 90 
20 10 350 91 64 112 
20 11 284 134 94 80 
20 12 144 397 118 45 
20 13 646 903 88 88 
20 14 433 639 75 76 
20 15 263 1006 88 66 
20 16 265 962 111 56 
20 17 539 6 100 61 
20 18 116 702 58 120 
21 1 491 144 114 107 
21 2 912 913 120 84 
21 3 605 350 110 95 
21 4 1019 715 92 128 
21 5 1005 971 118 85 
21 6 391 873 100 81 
21 7 220 759 67 123 
21 8 137 157 63 121 
21 9 276 674 106 90 
21 10 350 92 63 111 
21 11 284 134 94 80 
21 12 146 397 114 45 
21 13 641 907 90 86 
21 14 432 641 77 72 
21 15 262 1006 89 66 
21 16 267 963 112 56 
21 17 537 7 100 60 
21 18 116 705 58 121 
22 1 489 143 117 108 
22 2 912 913 120 84 
22 3 606 350 108 95 
22 4 1019 715 91 127 
22 5 1004 971 118 85 
22 6 391 873 101 80 
22 7 220 758 67 123 
22 8 137 159 62 119 
22 9 277 674 106 90 
22 10 350 92 64 112 
22 11 284 134 93 80 
22 12 150 397 110 43 
22 13 637 910 90 85 
22 14 432 644 76 67 
22 15 261 1006 89 67 
22 16 270 963 112 55 
22 17 536 7 100 59 
22 18 118 713 56 118 
23 1 490 144 115 107 
23 2 911 913 121 84 
23 3 606 351 108 94 
23 4 1019 715 91 127 
23 5 1003 970 119 85 
23 6 390 873 102 81 
23 7 220 757 67 122 
23 8 137 158 62 120 
23 9 278 673 105 91 
23 10 350 92 64 113 
23 11 286 134 91 80 
23 12 146 396 115 44 
23 13 630 912 95 86 
23 14 433 648 73 58 
23 15 261 1007 89 66 
23 16 273 960 116 57 
23 17 534 7 99 57 
23 18 118 720 57 120 
24 1 488 143 117 108 
24 2 911 913 120 83 
24 3 605 350 110 96 
24 4 1018 715 93 128 
24 5 1003 970 118 84 
24 6 390 873 103 81 
24 7 219 756 67 121 
24 8 137 158 62 119 
24 9 279 673 104 91 
24 10 350 91 64 113 
24 11 286 135 90 79 
24 12 143 395 119 46 
24 13 625 915 97 85 
24 14 431 650 75 54 
24 15 259 1007 89 67 
24 16 276 961 115 56 
24 17 533 8 99 55 
24 18 119 727 58 122 
25 1 490 144 115 105 
25 2 910 913 121 83 
25 3 605 350 110 96 
25 4 1019 715 92 128 
25 5 1002 970 119 85 
25 6 391 873 102 81 
25 7 219 755 67 121 
25 8 136 158 63 119 
25 9 280 672 103 91 
25 10 350 90 64 114 
25 11 287 135 89 79 
25 12 141 394 122 47 
25 13 620 919 98 84 
25 14 429 650 79 54 
25 15 258 1008 87 64 
25 16 278 961 116 56 
25 17 532 8 99 54 
25 18 119 732 57 121 
26 1 490 144 115 105 
26 2 910 913 121 83 
26 3 605 350 110 97 
26 4 1019 715 92 128 
26 5 1002 972 118 83 
26 6 390 873 104 81 
26 7 219 755 67 121 
26 8 136 157 63 120 
26 9 279 672 104 91 
26 10 350 91 64 112 
26 11 287 136 88 78 
26 12 140 394 124 48 
26 13 616 920 100 84 
26 14 426 650 85 54 
26 15 257 1008 86 64 
26 16 279 961 116 56 
26 17 530 8 101 53 
26 18 119 735 57 122 
27 1 488 143 117 106 
27 2 910 913 122 83 
27 3 605 350 110 97 
27 4 1018 715 93 128 
27 5 1002 972 118 84 
27 6 390 873 104 81 
27 7 218 754 68 121 
27 8 136 157 63 120 
27 9 279 671 104 92 
27 10 349 90 65 113 
27 11 287 136 88 78 
27 12 139 393 126 49 
27 13 613 921 102 84 
27 14 424 650 88 53 
27 15 257 1010 83 62 
27 16 280 961 116 56 
27 17 529 8 102 53 
27 18 121 739 56 121 
28 1 488 143 117 106 
28 2 910 913 123 84 
28 3 605 350 110 96 
28 4 1018 715 93 128 
28 5 1000 971 120 85 
28 6 391 873 103 81 
28 7 218 754 68 121 
28 8 136 156 63 120 
28 9 280 671 103 92 
28 10 350 89 64 114 
28 11 287 136 88 78 
28 12 139 392 127 50 
28 13 611 924 102 83 
28 14 421 650 93 53 
28 15 257 1010 82 61 
28 16 282 960 117 56 
28 17 528 9 102 51 
28 18 122 742 56 121 
29 1 489 144 116 105 
29 2 910 912 124 85 
29 3 605 351 110 96 
29 4 1019 715 92 128 
29 5 999 970 122 86 
29 6 392 873 102 81 
29 7 218 753 68 122 
29 8 135 156 64 121 
29 9 279 675 103 93 
29 10 350 89 64 111 
29 11 288 136 87 79 
29 12 135 390 135 54 
29 13 606 924 102 82 
29 14 419 650 97 53 
29 15 257 1011 84 61 
29 16 287 961 113 53 
29 17 526 9 102 50 
29 18 123 749 55 119 
30 1 489 144 116 105 
30 2 910 912 124 85 
30 3 605 351 109 96 
30 4 1019 715 92 129 
30 5 998 970 123 87 
30 6 391 872 104 81 
30 7 219 753 67 121 
30 8 135 156 64 121 
30 9 279 675 103 96 
30 10 351 88 63 111 
30 11 288 136 87 79 
30 12 134 389 136 56 
30 13 603 926 101 80 
30 14 418 650 100 52 
30 15 255 1010 86 62 
30 16 290 962 110 51 
30 17 524 9 102 49 
30 18 124 754 55 118 
31 1 490 145 116 103 
31 2 910 912 124 85 
31 3 605 351 110 96 
31 4 1019 715 92 129 
31 5 998 970 123 87 
31 6 392 872 103 81 
31 7 219 753 67 120 
31 8 135 157 64 120 
31 9 278 674 103 98 
31 10 350 88 64 110 
31 11 288 137 87 78 
31 12 134 388 136 57 
31 13 601 928 99 77 
31 14 416 650 104 52 
31 15 254 1010 86 62 
31 16 294 962 108 49 
31 17 522 9 104 48 
31 18 124 758 55 118 
32 1 490 145 116 103 
32 2 909 912 125 84 
32 3 606 351 110 97 
32 4 1019 715 92 129 
32 5 997 969 123 87 
32 6 392 872 103 81 
32 7 219 752 67 120 
32 8 136 157 62 120 
32 9 275 672 105 103 
32 10 350 87 64 111 
32 11 289 137 86 79 
32 12 132 387 137 59 
32 13 600 932 96 74 
32 14 415 650 108 52 
32 15 254 1011 84 59 
32 16 298 960 109 50 
32 17 522 9 103 48 
32 18 125 761 55 120 
33 1 490 146 116 102 
33 2 909 912 125 84 
33 3 606 351 110 97 
33 4 1019 716 91 127 
33 5 997 969 123 87 
33 6 393 873 102 80 
33 7 219 751 68 120 
33 8 136 157 62 120 
33 9 274 669 105 107 
33 10 349 86 64 111 
33 11 289 137 86 79 
33 12 133 386 134 59 
33 13 599 935 96 72 
33 14 413 650 111 52 
33 15 253 1012 85 58 
33 16 301 960 109 49 
33 17 520 9 106 47 
33 18 126 764 55 120 
34 1 490 146 116 102 
34 2 909 913 124 83 
34 3 606 351 110 98 
34 4 1019 716 92 127 
34 5 997 969 123 87 
34 6 394 874 100 78 
34 7 219 750 68 121 
34 8 136 157 62 119 
34 9 275 667 103 110 
34 10 349 85 64 112 
34 11 289 137 86 79 
34 12 132 385 134 60 
34 13 596 935 98 73 
34 14 411 649 114 53 
34 15 252 1012 86 57 
34 16 301 959 113 51 
34 17 517 9 109 48 
34 18 127 766 55 121 
35 1 491 147 114 101 
35 2 909 913 124 83 
35 3 606 352 110 97 
35 4 1019 716 91 127 
35 5 997 970 121 86 
35 6 394 874 100 78 
35 7 218 749 70 122 
35 8 136 157 62 119 
35 9 275 666 103 114 
35 10 348 85 64 111 
35 11 290 137 85 80 
35 12 129 383 136 62 
35 13 590 938 100 72 
35 14 409 648 116 53 
35 15 251 1013 84 55 
35 16 306 958 113 51 
35 17 516 9 109 47 
35 18 130 776 54 118 
36 1 491 147 114 101 
36 2 909 913 124 83 
36 3 606 352 110 97 
36 4 1019 716 91 126 
36 5 995 970 121 86 
36 6 393 874 102 77 
36 7 218 748 70 123 
36 8 136 157 62 119 
36 9 275 665 100 116 
36 10 348 84 64 112 
36 11 291 137 85 81 
36 12 127 381 138 64 
36 13 587 940 100 70 
36 14 407 648 119 52 
36 15 250 1013 83 55 
36 16 309 958 113 51 
36 17 514 8 112 47 
36 18 132 781 53 115 
37 1 491 147 114 100 
37 2 908 914 124 81 
37 3 606 351 110 98 
37 4 1018 716 92 127 
37 5 994 970 121 84 
37 6 393 873 103 79 
37 7 218 748 69 122 
37 8 135 156 64 120 
37 9 275 664 99 118 
37 10 348 84 64 111 
37 11 291 138 84 80 
37 12 126 380 140 66 
37 13 584 942 101 69 
37 14 407 648 119 52 
37 15 247 1013 86 55 
37 16 310 957 114 52 
37 17 513 8 112 47 
37 18 133 786 52 112 
38 1 492 148 115 99 
38 2 908 914 124 81 
38 3 607 351 109 98 
38 4 1018 715 92 128 
38 5 994 970 121 84 
38 6 393 873 104 79 
38 7 218 747 70 123 
38 8 136 156 63 120 
38 9 276 665 94 116 
38 10 348 84 64 111 
38 11 291 138 84 80 
38 12 127 379 138 66 
38 13 580 943 103 69 
38 14 405 648 124 53 
38 15 241 1011 91 57 
38 16 311 957 115 52 
38 17 512 8 112 47 
38 18 136 796 50 106 
39 1 493 148 114 99 
39 2 908 914 124 81 
39 3 607 351 108 97 
39 4 1018 715 92 128 
39 5 994 970 120 84 
39 6 393 873 103 79 
39 7 217 746 70 123 
39 8 136 156 62 120 
39 9 276 667 88 112 
39 10 348 83 64 112 
39 11 293 138 82 80 
39 12 128 379 134 66 
39 13 576 945 104 69 
39 14 405 648 124 52 
39 15 239 1010 90 57 
39 16 315 957 113 51 
39 17 509 8 113 46 
39 18 136 801 50 103 
40 1 493 148 115 99 
40 2 907 914 125 81 
40 3 607 352 108 96 
40 4 1018 715 92 128 
40 5 992 970 121 84 
40 6 393 873 104 79 
40 7 217 745 70 123 
40 8 136 156 62 119 
40 9 276 667 86 113 
40 10 348 83 64 111 
40 11 292 137 84 81 
40 12 128 378 133 67 
40 13 574 947 104 68 
40 14 402 647 129 54 
40 15 237 1010 92 57 
40 16 317 957 113 50 
40 17 507 8 114 45 
40 18 137 807 49 99 
41 1 493 148 116 100 
41 2 906 914 125 81 
41 3 607 352 109 96 
41 4 1019 715 91 128 
41 5 989 970 122 86 
41 6 393 873 104 79 
41 7 216 745 71 122 
41 8 136 156 62 119 
41 9 276 671 81 107 
41 10 348 83 64 111 
41 11 293 136 83 82 
41 12 127 379 132 68 
41 13 569 952 100 63 
41 14 402 646 129 54 
41 15 236 1010 91 56 
41 16 320 956 114 51 
41 17 505 8 114 45 
41 18 138 816 50 98 
42 1 493 148 117 100 
42 2 906 914 125 81 
42 3 607 352 109 96 
42 4 1019 715 91 128 
42 5 989 970 121 87 
42 6 393 873 104 79 
42 7 216 744 71 123 
42 8 136 156 62 119 
42 9 275 671 81 108 
42 10 347 81 65 111 
42 11 295 136 82 82 
42 12 128 381 128 66 
42 13 566 954 100 62 
42 14 402 646 130 54 
42 15 235 1009 92 56 
42 16 321 955 115 51 
42 17 504 7 113 45 
42 18 139 825 50 95 
43 1 492 148 118 100 
43 2 907 914 124 81 
43 3 607 352 109 97 
43 4 1019 715 91 128 
43 5 988 971 123 86 
43 6 393 873 104 79 
43 7 216 744 71 122 
43 8 136 156 61 118 
43 9 274 672 80 107 
43 10 345 79 66 111 
43 11 296 136 81 82 
43 12 129 381 125 67 
43 13 563 955 102 63 
43 14 402 646 129 53 
43 15 234 1009 92 55 
43 16 323 955 113 51 
43 17 503 7 113 44 
43 18 139 829 50 95 
44 1 492 148 118 100 
44 2 906 913 126 81 
44 3 607 352 109 97 
44 4 1019 715 91 128 
44 5 989 972 121 85 
44 6 393 873 105 79 
44 7 216 743 71 120 
44 8 137 156 61 118 
44 9 273 673 79 107 
44 10 344 78 65 109 
44 11 296 136 82 84 
44 12 131 381 122 67 
44 13 559 955 106 65 
44 14 402 645 130 53 
44 15 232 1009 91 54 
44 16 324 955 113 50 
44 17 501 7 114 44 
44 18 140 836 52 95 
45 1 493 148 118 101 
45 2 906 913 125 81 
45 3 608 352 108 97 
45 4 1019 715 91 128 
45 5 988 972 121 86 
45 6 393 873 104 79 
45 7 216 743 71 119 
45 8 137 155 61 119 
45 9 272 673 79 108 
45 10 344 77 65 109 
45 11 297 137 80 83 
45 12 131 381 122 67 
45 13 556 955 108 66 
45 14 402 645 130 53 
45 15 231 1010 90 53 
45 16 326 955 113 50 
45 17 500 7 114 43 
45 18 141 839 53 96 
46 1 492 147 120 102 
46 2 905 913 127 81 
46 3 608 352 107 97 
46 4 1020 715 90 128 
46 5 989 970 122 86 
46 6 393 873 104 79 
46 7 216 742 70 117 
46 8 137 153 62 121 
46 9 271 674 79 107 
46 10 343 77 66 109 
46 11 297 137 80 84 
46 12 132 381 120 67 
46 13 554 957 107 63 
46 14 402 644 131 53 
46 15 229 1010 91 53 
46 16 328 954 113 50 
46 17 499 7 115 43 
46 18 141 839 55 99 
47 1 492 147 119 102 
47 2 905 912 127 82 
47 3 608 353 107 95 
47 4 1020 715 90 128 
47 5 987 970 121 86 
47 6 393 872 104 80 
47 7 217 743 69 115 
47 8 137 153 63 121 
47 9 269 676 79 106 
47 10 342 78 67 108 
47 11 298 137 80 86 
47 12 134 381 118 67 
47 13 549 958 108 63 
47 14 402 643 132 53 
47 15 225 1009 93 53 
47 16 330 954 116 51 
47 17 498 7 118 44 
47 18 141 844 57 102 
48 1 492 147 119 102 
48 2 905 912 127 82 
48 3 609 353 107 95 
48 4 1020 715 90 128 
48 5 984 970 121 86 
48 6 393 872 105 80 
48 7 217 742 69 116 
48 8 137 152 62 121 
48 9 271 678 78 104 
48 10 342 78 67 108 
48 11 298 138 79 86 
48 12 135 381 117 67 
48 13 546 958 108 63 
48 14 401 643 133 53 
48 15 224 1009 92 53 
48 16 333 954 117 52 
48 17 497 7 120 44 
48 18 141 847 58 102 
49 1 493 148 119 101 
49 2 905 912 127 82 
49 3 609 353 106 95 
49 4 1020 715 90 128 
49 5 982 970 122 86 
49 6 393 872 104 80 
49 7 217 742 70 116 
49 8 137 152 62 121 
49 9 270 679 77 103 
49 10 342 78 67 108 
49 11 298 138 79 87 
49 12 135 381 116 67 
49 13 543 958 109 63 
49 14 401 642 134 54 
49 15 223 1009 93 52 
49 16 334 953 121 55 
49 17 497 7 120 43 
49 18 141 849 60 104 
50 1 493 148 119 101 
50 2 905 912 127 82 
50 3 609 353 106 96 
50 4 1020 715 90 128 
50 5 980 970 122 86 
50 6 392 871 106 81 
50 7 217 741 70 118 
50 8 138 152 61 121 
50 9 267 682 76 97 
50 10 342 79 67 107 
50 11 298 138 78 88 
50 12 136 382 114 66 
50 13 538 958 110 63 
50 14 400 642 135 54 
50 15 222 1008 95 54 
50 16 335 953 124 57 
50 17 497 7 120 43 
50 18 141 855 60 103 
51 1 493 147 119 102 
51 2 904 911 128 83 
51 3 609 354 107 95 
51 4 1020 715 90 128 
51 5 979 972 121 85 
51 6 392 871 107 81 
51 7 216 741 71 118 
51 8 139 153 59 119 
51 9 266 685 75 92 
51 10 342 79 67 107 
51 11 298 138 77 89 
51 12 136 382 114 67 
51 13 533 958 112 64 
51 14 400 642 136 54 
51 15 220 1008 96 54 
51 16 339 953 123 59 
51 17 497 7 120 43 
51 18 141 861 61 102 
52 1 493 147 119 102 
52 2 904 911 128 83 
52 3 609 354 107 95 
52 4 1020 715 90 129 
52 5 978 973 121 85 
52 6 393 870 106 82 
52 7 217 743 70 115 
52 8 139 153 59 118 
52 9 264 686 77 91 
52 10 342 80 66 106 
52 11 299 138 76 90 
52 12 136 383 112 67 
52 13 529 959 113 63 
52 14 399 641 137 55 
52 15 216 1006 99 55 
52 16 341 953 125 61 
52 17 495 7 123 43 
52 18 142 869 60 98 
53 1 493 147 120 102 
53 2 904 911 128 83 
53 3 609 354 107 96 
53 4 1020 714 90 130 
53 5 977 973 121 85 
53 6 393 870 107 82 
53 7 217 742 71 118 
53 8 140 154 58 116 
53 9 262 687 78 89 
53 10 342 80 67 106 
53 11 300 136 76 93 
53 12 136 383 111 67 
53 13 525 959 115 64 
53 14 398 641 139 55 
53 15 214 1006 100 55 
53 16 343 953 125 63 
53 17 495 7 122 43 
53 18 144 874 60 96 
54 1 493 147 120 102 
54 2 904 911 128 82 
54 3 609 355 106 95 
54 4 1020 714 90 130 
54 5 976 973 123 86 
54 6 393 870 107 83 
54 7 217 743 71 118 
54 8 141 154 56 115 
54 9 261 691 78 85 
54 10 342 79 68 107 
54 11 299 135 76 93 
54 12 135 383 111 67 
54 13 521 959 117 65 
54 14 397 640 141 56 
54 15 211 1005 99 55 
54 16 347 955 125 64 
54 17 495 6 122 43 
54 18 145 879 60 95 
55 1 493 148 121 101 
55 2 903 911 129 82 
55 3 610 356 106 94 
55 4 1020 714 90 130 
55 5 975 973 123 86 
55 6 394 870 106 83 
55 7 217 743 72 118 
55 8 141 154 56 115 
55 9 258 692 79 84 
55 10 341 81 67 104 
55 11 300 135 74 94 
55 12 134 383 112 67 
55 13 520 961 115 64 
55 14 395 639 145 58 
55 15 209 1005 100 55 
55 16 348 955 127 67 
55 17 493 6 122 43 
55 18 147 882 60 94 
56 1 493 147 121 103 
56 2 904 910 128 83 
56 3 610 356 106 94 
56 4 1020 714 89 129 
56 5 974 973 122 86 
56 6 394 870 106 83 
56 7 217 744 72 118 
56 8 142 153 56 116 
56 9 258 694 79 81 
56 10 341 80 69 105 
56 11 300 134 73 95 
56 12 136 383 109 67 
56 13 518 962 114 63 
56 14 395 638 145 59 
56 15 207 1004 101 55 
56 16 352 956 124 67 
56 17 493 6 122 43 
56 18 147 884 61 93 
57 1 493 147 121 103 
57 2 903 910 129 83 
57 3 610 356 106 94 
57 4 1020 715 88 128 
57 5 971 973 122 86 
57 6 394 870 106 84 
57 7 218 745 72 117 
57 8 142 153 56 116 
57 9 255 695 82 80 
57 10 341 80 69 105 
57 11 301 134 72 96 
57 12 135 383 111 68 
57 13 513 961 116 64 
57 14 395 637 144 58 
57 15 205 1004 101 55 
57 16 356 957 122 68 
57 17 492 6 123 43 
57 18 148 887 63 94 
58 1 493 147 122 103 
58 2 904 911 127 82 
58 3 610 357 106 93 
58 4 1020 715 88 128 
58 5 970 974 122 84 
58 6 394 869 106 84 
58 7 218 745 72 117 
58 8 143 155 53 112 
58 9 251 696 83 77 
58 10 341 80 69 104 
58 11 302 134 70 96 
58 12 136 383 110 68 
58 13 507 959 121 68 
58 14 396 637 143 58 
58 15 204 1004 99 54 
58 16 358 957 123 70 
58 17 491 6 124 43 
58 18 151 892 63 93 
59 1 493 147 121 103 
59 2 903 911 128 82 
59 3 609 357 106 93 
59 4 1020 715 88 127 
59 5 970 974 121 84 
59 6 394 869 106 84 
59 7 219 746 71 117 
59 8 144 157 51 108 
59 9 248 698 83 72 
59 10 341 80 69 104 
59 11 303 135 69 95 
59 12 137 384 107 66 
59 13 504 960 123 70 
59 14 398 637 140 56 
59 15 200 1002 101 55 
59 16 364 959 118 70 
59 17 490 6 125 43 
59 18 152 895 65 93 
60 1 492 147 122 103 
60 2 903 911 128 82 
60 3 609 357 106 94 
60 4 1020 715 88 127 
60 5 970 974 122 84 
60 6 394 868 107 85 
60 7 219 746 72 117 
60 8 145 157 50 106 
60 9 248 700 83 68 
60 10 341 81 69 104 
60 11 303 135 68 96 
60 12 138 385 105 65 
60 13 501 959 126 73 
60 14 398 636 141 57 
60 15 197 1001 103 55 
60 16 366 960 118 71 
60 17 489 6 126 43 
60 18 153 896 66 94 
61 1 493 147 121 103 
61 2 903 910 128 83 
61 3 611 358 106 93 
61 4 1020 715 88 127 
61 5 970 974 123 84 
61 6 394 868 107 85 
61 7 218 746 72 118 
61 8 145 155 50 107 
61 9 246 700 87 68 
61 10 341 81 70 104 
61 11 304 135 67 96 
61 12 139 386 103 64 
61 13 499 960 128 75 
61 14 398 636 143 58 
61 15 197 1000 102 56 
61 16 370 962 114 70 
61 17 489 5 126 44 
61 18 154 898 67 94 
62 1 494 147 120 102 
62 2 902 910 129 83 
62 3 611 358 106 94 
62 4 1020 716 88 126 
62 5 969 974 124 84 
62 6 393 867 108 86 
62 7 218 746 73 118 
62 8 145 152 51 109 
62 9 246 702 88 65 
62 10 341 82 71 103 
62 11 307 138 64 93 
62 12 140 386 103 64 
62 13 496 958 131 79 
62 14 398 636 142 58 
62 15 192 999 103 56 
62 16 371 963 114 72 
62 17 489 6 125 43 
62 18 155 900 68 95 
63 1 493 147 121 102 
63 2 902 910 128 83 
63 3 610 357 107 96 
63 4 1021 716 86 126 
63 5 967 974 126 85 
63 6 393 867 108 87 
63 7 219 745 72 119 
63 8 146 152 50 109 
63 9 244 701 92 65 
63 10 340 83 70 102 
63 11 308 139 63 93 
63 12 140 387 102 61 
63 13 496 959 130 79 
63 14 399 636 141 57 
63 15 188 997 105 58 
63 16 374 965 112 72 
63 17 491 6 123 43 
63 18 157 902 69 94 
64 1 493 148 121 101 
64 2 901 909 131 85 
64 3 610 358 107 95 
64 4 1020 715 87 127 
64 5 964 974 125 84 
64 6 393 867 108 87 
64 7 219 745 72 119 
64 8 147 152 49 109 
64 9 241 699 97 66 
64 10 340 83 69 101 
64 11 307 138 65 97 
64 12 140 387 103 61 
64 13 491 960 131 82 
64 14 399 636 141 57 
64 15 184 994 106 59 
64 16 375 965 115 76 
64 17 489 6 126 43 
64 18 164 907 67 90 
65 1 493 148 121 101 
65 2 901 909 131 85 
65 3 611 358 106 95 
65 4 1020 715 87 127 
65 5 963 974 125 84 
65 6 394 867 107 87 
65 7 219 745 72 119 
65 8 147 152 50 110 
65 9 239 697 100 68 
65 10 340 84 69 100 
65 11 307 138 65 98 
65 12 141 387 102 61 
65 13 489 962 129 83 
65 14 398 636 144 58 
65 15 181 992 107 59 
65 16 377 965 114 78 
65 17 487 6 127 43 
65 18 166 909 67 89 
66 1 494 148 121 102 
66 2 901 909 130 85 
66 3 611 359 106 94 
66 4 1021 715 85 127 
66 5 963 974 124 83 
66 6 394 867 107 87 
66 7 220 744 71 118 
66 8 148 153 48 108 
66 9 236 696 105 68 
66 10 340 85 70 100 
66 11 308 138 64 97 
66 12 141 387 102 61 
66 13 486 962 128 84 
66 14 398 637 143 57 
66 15 179 991 107 59 
66 16 378 965 114 81 
66 17 485 5 127 44 
66 18 169 911 68 88 
67 1 494 148 120 102 
67 2 901 909 129 85 
67 3 612 360 105 93 
67 4 1021 715 85 127 
67 5 962 974 125 83 
67 6 395 868 106 86 
67 7 220 744 71 118 
67 8 148 152 49 110 
67 9 234 696 107 68 
67 10 339 85 72 101 
67 11 308 138 63 97 
67 12 141 387 103 60 
67 13 483 961 127 86 
67 14 396 637 145 57 
67 15 178 989 108 59 
67 16 380 965 112 82 
67 17 485 5 126 44 
67 18 172 913 66 87 
68 1 494 148 120 102 
68 2 900 909 129 84 
68 3 612 360 105 93 
68 4 1021 716 85 126 
68 5 962 974 125 82 
68 6 395 868 106 87 
68 7 220 743 71 119 
68 8 149 151 48 111 
68 9 234 696 108 68 
68 10 339 85 73 101 
68 11 309 140 61 94 
68 12 140 387 100 58 
68 13 482 961 124 87 
68 14 396 636 146 58 
68 15 176 988 109 59 
68 16 382 966 109 82 
68 17 485 5 125 44 
68 18 174 915 66 83 
69 1 494 148 120 102 
69 2 899 909 131 84 
69 3 612 361 106 92 
69 4 1020 715 86 127 
69 5 962 974 124 82 
69 6 395 867 107 88 
69 7 220 743 71 118 
69 8 149 150 48 110 
69 9 236 697 107 65 
69 10 340 85 72 101 
69 11 310 140 60 95 
69 12 136 388 104 60 
69 13 479 960 126 91 
69 14 397 636 146 58 
69 15 173 985 109 60 
69 16 383 966 107 83 
69 17 485 5 124 44 
69 18 176 916 66 83 
70 1 494 148 120 102 
70 2 899 909 129 84 
70 3 612 361 107 93 
70 4 1021 715 86 127 
70 5 962 975 124 81 
70 6 396 866 106 88 
70 7 220 743 70 118 
70 8 150 147 47 111 
70 9 238 697 105 62 
70 10 340 86 73 101 
70 11 311 141 60 94 
70 12 136 390 102 58 
70 13 475 962 125 94 
70 14 396 636 148 59 
70 15 167 980 113 63 
70 16 382 964 108 87 
70 17 486 5 124 43 
70 18 178 919 66 82 
71 1 494 148 121 102 
71 2 900 910 127 82 
71 3 612 361 107 94 
71 4 1021 715 86 128 
71 5 960 975 125 81 
71 6 396 866 105 87 
71 7 219 741 71 120 
71 8 150 146 47 111 
71 9 237 698 107 60 
71 10 340 87 72 100 
71 11 311 142 59 93 
71 12 136 393 100 56 
71 13 474 963 124 95 
71 14 396 636 147 59 
71 15 164 978 110 62 
71 16 384 964 104 86 
71 17 483 5 128 44 
71 18 178 921 69 83 
72 1 495 150 118 99 
72 2 899 910 128 82 
72 3 611 361 109 96 
72 4 1021 715 86 128 
72 5 958 975 128 82 
72 6 398 865 103 85 
72 7 220 743 70 118 
72 8 149 143 48 112 
72 9 238 698 108 60 
72 10 339 88 73 99 
72 11 312 143 57 91 
72 12 136 394 101 55 
72 13 473 963 123 98 
72 14 397 636 147 58 
72 15 162 975 110 63 
72 16 382 961 105 90 
72 17 480 5 127 44 
72 18 180 922 69 83 
73 1 495 150 118 99 
73 2 900 910 126 82 
73 3 610 361 110 96 
73 4 1021 715 86 128 
73 5 956 975 129 82 
73 6 400 866 101 84 
73 7 220 742 70 119 
73 8 149 142 48 112 
73 9 237 698 112 60 
73 10 339 88 73 99 
73 11 311 144 57 90 
73 12 135 395 102 56 
73 13 475 965 118 96 
73 14 398 636 145 57 
73 15 162 974 108 62 
73 16 382 961 104 91 
73 17 479 5 125 44 
73 18 180 923 71 82 
74 1 495 150 119 99 
74 2 899 909 128 83 
74 3 610 361 109 97 
74 4 1021 715 85 128 
74 5 954 975 130 82 
74 6 400 866 101 83 
74 7 220 742 70 119 
74 8 149 141 47 111 
74 9 239 700 109 57 
74 10 339 88 73 99 
74 11 311 144 57 91 
74 12 135 396 103 56 
74 13 477 964 115 97 
74 14 396 635 147 59 
74 15 158 970 111 66 
74 16 383 961 102 92 
74 17 480 5 122 43 
74 18 180 923 73 84 
75 1 495 150 118 98 
75 2 899 909 127 82 
75 3 610 362 109 96 
75 4 1021 716 85 128 
75 5 952 975 129 83 
75 6 400 865 101 84 
75 7 220 742 70 119 
75 8 150 139 47 111 
75 9 238 700 112 57 
75 10 338 88 75 99 
75 11 312 145 56 91 
75 12 130 395 113 62 
75 13 478 963 114 98 
75 14 397 636 146 58 
75 15 154 968 109 65 
75 16 382 960 101 93 
75 17 481 5 120 43 
75 18 182 926 71 80 
76 1 494 150 119 98 
76 2 899 909 127 82 
76 3 610 362 109 96 
76 4 1021 716 85 128 
76 5 951 976 128 82 
76 6 400 865 102 84 
76 7 220 742 69 119 
76 8 150 138 46 111 
76 9 238 700 113 56 
76 10 338 89 75 99 
76 11 312 146 56 90 
76 12 126 394 120 67 
76 13 480 963 111 97 
76 14 397 636 146 58 
76 15 151 967 109 65 
76 16 383 959 99 94 
76 17 481 5 120 43 
76 18 181 927 72 78 
77 1 494 150 119 98 
77 2 900 910 126 81 
77 3 610 362 109 96 
77 4 1021 716 85 128 
77 5 950 977 128 82 
77 6 401 865 102 84 
77 7 220 741 70 121 
77 8 151 137 45 111 
77 9 237 700 115 56 
77 10 339 89 74 99 
77 11 312 146 55 90 
77 12 124 393 123 71 
77 13 481 962 109 98 
77 14 396 636 147 58 
77 15 149 965 109 66 
77 16 384 958 96 94 
77 17 481 5 120 42 
77 18 182 928 72 77 
78 1 495 150 118 98 
78 2 900 910 127 81 
78 3 611 363 108 95 
78 4 1021 716 84 128 
78 5 949 977 128 82 
78 6 402 864 103 85 
78 7 220 741 69 121 
78 8 151 136 45 110 
78 9 236 700 115 55 
78 10 339 90 74 98 
78 11 312 146 55 90 
78 12 121 392 128 74 
78 13 481 961 108 99 
78 14 398 636 146 58 
78 15 148 965 108 65 
78 16 385 958 93 94 
78 17 481 5 120 42 
78 18 182 929 73 77 
79 1 496 150 118 98 
79 2 899 910 128 81 
79 3 611 363 107 95 
79 4 1021 716 84 128 
79 5 947 977 130 83 
79 6 402 863 104 86 
79 7 220 741 69 121 
79 8 151 132 45 112 
79 9 236 701 116 54 
79 10 339 90 75 98 
79 11 312 147 55 91 
79 12 119 391 131 79 
79 13 481 961 107 100 
79 14 398 636 147 58 
79 15 142 959 111 70 
79 16 384 955 92 96 
79 17 481 5 120 42 
79 18 183 931 73 75 
80 1 496 151 118 97 
80 2 899 910 128 81 
80 3 610 362 109 96 
80 4 1022 716 83 128 
80 5 945 976 132 84 
80 6 403 863 105 86 
80 7 220 741 69 121 
80 8 151 130 44 113 
80 9 235 700 119 55 
80 10 339 91 75 97 
80 11 312 148 55 91 
80 12 117 392 134 84 
80 13 482 961 106 100 
80 14 398 635 147 59 
80 15 138 957 112 71 
80 16 384 953 91 97 
80 17 481 5 120 42 
80 18 184 932 73 75 
81 1 495 150 120 99 
81 2 897 909 130 82 
81 3 609 361 109 97 
81 4 1021 716 84 128 
81 5 943 975 134 86 
81 6 405 863 104 85 
81 7 220 741 69 120 
81 8 151 128 44 112 
81 9 234 701 120 54 
81 10 339 91 76 99 
81 11 313 148 54 92 
81 12 116 393 135 87 
81 13 483 960 104 101 
81 14 399 635 146 58 
81 15 133 952 113 73 
81 16 383 950 90 99 
81 17 480 5 121 43 
81 18 186 936 72 72 
82 1 495 150 120 99 
82 2 897 908 130 83 
82 3 609 360 109 98 
82 4 1021 716 84 128 
82 5 943 974 134 86 
82 6 408 862 102 84 
82 7 220 740 68 121 
82 8 151 128 44 112 
82 9 233 700 122 55 
82 10 339 92 77 98 
82 11 313 148 54 93 
82 12 114 393 137 93 
82 13 484 960 102 101 
82 14 400 636 144 57 
82 15 127 946 118 78 
82 16 383 948 88 100 
82 17 480 5 120 43 
82 18 188 938 71 71 
83 1 496 150 119 99 
83 2 896 908 131 83 
83 3 609 360 108 98 
83 4 1021 716 83 128 
83 5 943 973 134 86 
83 6 409 862 102 84 
83 7 221 740 67 120 
83 8 152 128 42 111 
83 9 230 699 127 56 
83 10 339 91 77 99 
83 11 313 148 54 94 
83 12 113 391 139 98 
83 13 485 960 100 100 
83 14 399 636 146 57 
83 15 124 942 120 82 
83 16 383 946 86 102 
83 17 480 5 120 43 
84 1 496 151 119 99 
84 2 896 907 131 84 
84 3 609 360 107 98 
84 4 1021 716 83 128 
84 5 943 973 132 85 
84 6 410 862 101 83 
84 7 221 740 67 120 
84 8 152 127 43 111 
84 9 229 699 129 56 
84 10 339 91 78 99 
84 11 313 149 54 93 
84 12 113 391 138 100 
84 13 486 960 99 100 
84 14 397 635 148 58 
84 15 122 938 120 84 
84 16 383 945 84 102 
84 17 480 5 120 42 
85 1 496 151 119 99 
85 2 895 908 131 83 
85 3 610 360 107 98 
85 4 1021 716 82 128 
85 5 942 973 132 85 
85 6 411 862 100 83 
85 7 221 740 67 120 
85 8 152 126 43 111 
85 9 229 699 128 56 
85 10 339 92 78 98 
85 11 313 149 54 94 
85 12 113 390 137 104 
85 13 485 960 99 100 
85 14 397 635 147 58 
85 15 118 932 120 85 
85 16 384 945 81 102 
85 17 479 5 123 44 
85 18 190 938 75 73 
86 1 496 151 119 99 
86 2 895 908 130 83 
86 3 610 361 107 97 
86 4 1021 715 82 129 
86 5 943 973 131 84 
86 6 412 862 99 82 
86 7 221 740 67 120 
86 8 152 125 43 111 
86 9 229 699 129 55 
86 10 339 93 77 97 
86 11 312 149 54 95 
86 12 114 390 134 107 
86 13 486 960 97 101 
86 14 398 635 146 58 
86 15 116 928 118 86 
86 16 384 946 79 101 
86 17 477 5 125 44 
86 18 190 938 77 73 
87 1 496 151 119 99 
87 2 894 908 130 83 
87 3 611 361 104 96 
87 4 1021 715 82 129 
87 5 941 973 131 84 
87 6 413 863 98 80 
87 7 222 741 66 118 
87 8 152 123 43 112 
87 9 229 701 126 53 
87 10 338 93 80 99 
87 11 312 150 54 95 
87 12 114 391 131 108 
87 13 486 960 97 101 
87 14 398 635 145 57 
87 15 114 926 115 84 
87 16 384 945 78 103 
87 17 473 4 128 45 
87 18 191 939 79 73 
88 1 496 151 119 98 
88 2 894 907 131 83 
88 3 611 361 104 96 
88 4 1021 715 82 129 
88 5 940 973 131 84 
88 6 414 863 97 79 
88 7 222 741 66 118 
88 8 152 122 43 113 
88 9 230 701 125 53 
88 10 338 93 81 99 
88 11 312 150 54 96 
88 12 115 391 128 111 
88 13 487 961 96 100 
88 14 399 635 145 57 
88 15 113 923 112 84 
88 16 384 945 77 103 
88 17 472 4 127 46 
88 18 191 939 80 73 
89 1 496 151 119 98 
89 2 894 907 130 83 
89 3 611 362 103 95 
89 4 1021 715 81 128 
89 5 938 973 131 84 
89 6 415 863 97 79 
89 7 223 741 65 117 
89 8 152 120 44 115 
89 9 228 700 128 53 
89 10 338 93 81 100 
89 11 312 150 54 97 
89 12 115 392 127 112 
89 13 488 961 95 101 
89 14 398 635 146 57 
89 15 111 919 109 83 
89 16 384 946 76 103 
89 17 470 3 129 47 
89 18 189 938 83 75 
90 1 496 151 119 98 
90 2 894 907 129 83 
90 3 612 362 103 96 
90 4 1022 715 80 128 
90 5 936 974 131 84 
90 6 416 863 95 77 
90 7 223 741 65 116 
90 8 152 118 44 117 
90 9 228 700 128 53 
90 10 337 93 82 100 
90 11 312 151 54 97 
90 12 117 392 123 114 
90 13 488 961 95 100 
90 14 398 635 146 57 
90 15 111 916 106 84 
90 16 383 944 77 107 
90 17 469 3 128 46 
90 18 188 938 86 76 
91 1 496 151 119 97 
91 2 894 907 129 82 
91 3 612 362 103 96 
91 4 1022 715 80 128 
91 5 935 974 134 85 
91 6 416 863 96 76 
91 7 222 741 67 116 
91 8 152 117 45 118 
91 9 227 700 130 53 
91 10 337 94 83 100 
91 11 312 151 53 98 
91 12 119 394 119 113 
91 13 489 961 94 100 
91 14 398 635 147 57 
91 15 109 913 108 88 
91 16 384 944 75 107 
91 17 468 2 127 46 
91 18 187 938 88 77 
92 1 496 151 120 98 
92 2 893 907 130 82 
92 3 612 362 104 97 
92 4 1022 715 80 127 
92 5 935 973 134 86 
92 6 417 861 97 78 
92 7 222 741 66 116 
92 8 153 115 44 119 
92 9 228 700 129 53 
92 10 337 94 83 100 
92 11 313 152 52 97 
92 12 121 397 114 113 
92 13 489 960 94 101 
92 14 399 635 144 57 
92 15 107 911 107 90 
92 16 383 944 74 107 
92 17 465 1 130 47 
92 18 187 939 88 77 
93 1 497 151 119 98 
93 2 893 907 130 82 
93 3 614 362 102 97 
93 4 1022 716 80 126 
93 5 936 973 132 87 
93 6 417 860 101 79 
93 7 222 740 67 116 
93 8 153 115 45 121 
93 9 228 700 130 52 
93 10 337 94 84 101 
93 11 313 152 53 99 
93 12 123 401 110 112 
93 13 489 960 94 102 
93 14 399 635 144 57 
93 15 103 904 109 95 
93 16 384 948 71 104 
93 17 462 0 130 48 
93 18 187 939 91 78 
94 1 497 151 118 98 
94 2 893 907 130 82 
94 3 614 362 102 98 
94 4 1022 716 80 126 
94 5 936 974 131 86 
94 6 417 860 102 79 
94 7 222 740 66 116 
94 8 154 115 43 120 
94 9 229 700 129 52 
94 10 337 95 84 101 
94 11 314 152 51 98 
94 12 125 403 105 111 
94 13 489 959 94 103 
94 14 398 635 146 56 
94 15 102 901 107 97 
94 16 384 951 70 101 
94 17 462 0 127 48 
94 18 189 939 90 79 
95 1 497 152 118 97 
95 2 893 906 129 80 
95 3 614 362 103 100 
95 4 1022 716 80 126 
95 5 937 974 129 86 
95 6 417 860 102 79 
95 7 222 739 67 117 
95 8 154 116 43 119 
95 9 230 699 129 52 
95 10 336 95 85 100 
95 11 314 153 50 96 
95 12 126 405 102 110 
95 13 490 960 92 102 
95 14 398 635 147 57 
95 15 102 897 106 99 
95 16 384 955 68 98 
95 17 460 0 129 48 
95 18 189 939 92 79 
96 1 497 152 118 96 
96 2 893 906 130 81 
96 3 614 362 103 100 
96 4 1022 716 80 126 
96 5 937 975 129 85 
96 6 417 860 103 79 
96 7 222 739 67 117 
96 8 154 116 43 119 
96 9 229 700 130 52 
96 10 336 95 84 100 
96 11 313 154 50 93 
96 12 127 406 99 110 
96 13 490 960 91 102 
96 14 398 634 148 58 
96 15 102 895 103 100 
96 16 384 957 65 96 
96 17 459 0 130 49 
96 18 189 940 92 78 
97 1 497 152 119 97 
97 2 893 906 131 81 
97 3 614 362 103 100 
97 4 1022 716 79 126 
97 5 936 976 127 84 
97 6 418 859 103 80 
97 7 222 739 67 117 
97 8 154 117 43 118 
97 9 229 700 131 52 
97 10 336 95 85 100 
97 11 313 154 49 92 
97 12 128 407 97 111 
97 13 490 960 91 102 
97 14 398 634 149 58 
97 15 103 892 100 101 
97 16 383 958 65 95 
97 17 459 0 129 49 
97 18 189 939 93 80 
98 1 497 152 119 97 
98 2 893 906 130 81 
98 3 615 362 101 100 
98 4 1022 716 79 127 
98 5 935 976 127 84 
98 6 418 859 104 79 
98 7 222 739 67 117 
98 8 154 117 42 118 
98 9 230 700 130 51 
98 10 335 95 86 100 
98 11 313 154 50 91 
98 12 129 411 93 109 
98 13 490 962 90 100 
98 14 399 634 147 58 
98 15 104 889 97 101 
98 16 382 959 65 94 
98 17 460 0 127 49 
98 18 190 938 93 81 
99 1 498 152 118 97 
99 2 893 907 130 81 
99 3 615 362 102 100 
99 4 1022 716 79 127 
99 5 933 976 126 84 
99 6 418 859 105 79 
99 7 223 739 66 116 
99 8 155 117 41 117 
99 9 230 700 130 51 
99 10 338 97 83 97 
99 11 312 154 50 92 
99 12 129 416 91 109 
99 13 490 966 84 94 
99 14 399 634 146 58 
99 15 105 886 94 101 
99 16 380 959 66 97 
99 17 458 0 127 50 
99 18 190 938 94 81 
100 1 498 152 118 97 
100 2 894 907 127 79 
100 3 616 362 101 101 
100 4 1022 716 79 127 
100 5 930 977 123 83 
100 6 419 859 105 79 
100 7 223 739 66 116 
100 8 155 117 41 117 
100 9 229 700 131 50 
100 10 339 97 83 97 
100 11 312 155 50 91 
100 12 128 421 90 112 
100 13 486 967 84 93 
100 14 399 634 147 57 
100 15 105 883 92 102 
100 16 377 960 68 97 
100 17 458 1 125 49 
100 18 190 938 95 81 
101 1 498 152 118 97 
101 2 893 907 127 78 
101 3 615 362 102 101 
101 4 1023 716 78 127 
101 5 928 977 124 83 
101 6 420 859 105 79 
101 7 223 738 66 117 
101 8 155 117 41 116 
101 9 229 700 131 50 
101 10 339 98 83 96 
101 11 311 156 52 91 
101 12 127 424 88 114 
101 13 484 969 84 93 
101 14 400 634 146 57 
101 15 107 882 89 102 
101 16 377 960 68 98 
101 17 458 2 123 48 
101 18 191 938 94 81 
102 1 498 153 118 96 
102 2 893 906 127 78 
102 3 616 362 101 102 
102 4 1023 716 78 127 
102 5 928 978 123 82 
102 6 420 859 105 78 
102 7 223 738 66 116 
102 8 155 117 41 116 
102 9 229 700 130 50 
102 10 339 98 83 96 
102 11 311 156 52 93 
102 12 126 426 86 116 
102 13 482 972 84 90 
102 14 399 635 148 58 
102 15 107 880 87 102 
102 16 375 960 69 99 
102 17 458 2 121 49 
102 18 191 938 94 81 
102 25 909 914 127 145 
103 1 497 153 120 97 
103 2 894 906 126 78 
103 3 616 362 101 102 
103 4 1022 716 79 127 
103 5 929 978 124 83 
103 6 420 859 106 78 
103 7 223 738 66 116 
103 8 155 117 41 116 
103 9 229 700 130 50 
103 10 337 98 84 96 
103 11 311 157 53 93 
103 12 127 429 83 117 
103 13 481 973 85 90 
103 14 400 635 146 58 
103 15 109 877 85 102 
103 16 374 960 69 100 
103 17 458 3 120 48 
103 18 191 938 95 82 
103 25 908 912 128 147 
104 1 497 153 120 97 
104 2 895 906 125 77 
104 3 616 362 101 102 
104 4 1022 716 79 128 
104 5 930 978 124 83 
104 6 420 859 106 78 
104 7 223 738 66 116 
104 8 155 116 41 118 
104 9 229 700 131 50 
104 10 335 98 81 92 
104 11 311 157 54 93 
104 12 128 433 79 117 
104 13 480 976 84 88 
104 14 400 635 146 58 
104 15 111 875 83 100 
104 16 373 961 69 99 
104 17 454 1 125 50 
104 18 191 938 95 83 
104 25 907 910 128 147 
105 1 498 153 118 98 
105 2 895 906 126 77 
105 3 616 361 101 104 
105 4 1022 716 79 128 
105 5 930 978 123 83 
105 6 419 859 108 78 
105 7 223 738 66 116 
105 8 155 116 41 118 
105 9 228 700 133 50 
105 10 332 99 81 90 
105 11 311 157 54 95 
105 12 130 435 76 118 
105 13 478 979 85 86 
105 14 401 636 146 57 
105 15 112 872 82 102 
105 16 371 960 71 101 
105 17 451 0 128 52 
105 18 192 938 94 83 
105 25 905 909 129 148 
106 1 497 153 120 98 
106 2 895 906 126 77 
106 3 617 361 101 104 
106 4 1023 716 77 127 
106 5 928 979 122 81 
106 6 419 859 109 78 
106 7 222 737 68 117 
106 8 155 117 41 117 
106 9 228 700 134 50 
106 10 331 101 79 85 
106 11 312 160 55 94 
106 12 130 441 73 117 
106 13 475 984 84 83 
106 14 401 635 149 58 
106 15 111 866 82 104 
106 16 369 960 71 102 
106 17 447 0 128 53 
106 18 192 938 95 83 
106 25 907 912 129 147 
107 1 498 154 119 97 
107 2 895 906 126 76 
107 3 617 361 101 105 
107 4 1023 716 77 127 
107 5 925 978 123 82 
107 6 421 859 108 78 
107 7 223 737 67 117 
107 8 155 117 41 117 
107 9 228 700 134 50 
107 10 330 101 79 84 
107 11 313 164 54 89 
107 12 130 443 71 118 
107 13 472 989 83 81 
107 14 400 635 151 58 
107 15 111 862 80 104 
107 16 368 961 71 102 
107 17 445 0 128 53 
107 18 192 939 95 83 
107 25 907 912 129 147 
108 1 498 154 119 98 
108 2 894 906 127 77 
108 3 618 363 99 102 
108 4 1023 716 77 127 
108 5 923 978 123 81 
108 6 421 859 109 77 
108 7 222 736 68 118 
108 8 155 117 41 118 
108 9 228 699 135 51 
108 10 329 102 79 82 
108 11 313 165 55 89 
108 12 131 446 68 119 
108 13 469 991 85 80 
108 14 400 635 151 59 
108 15 112 859 79 105 
108 16 367 962 71 101 
108 17 445 0 125 53 
108 18 192 939 95 83 
108 25 907 914 127 145 
109 1 498 154 119 98 
109 2 893 906 128 77 
109 3 619 363 98 102 
109 4 1023 716 77 126 
109 5 923 978 122 80 
109 6 421 859 108 77 
109 7 222 736 68 118 
109 8 156 117 40 118 
109 9 228 699 135 51 
109 10 327 102 81 81 
109 11 313 167 55 88 
109 12 132 448 66 119 
109 13 467 995 83 76 
109 14 400 634 150 60 
109 15 113 856 78 106 
109 16 365 961 73 103 
109 17 444 0 124 53 
109 18 193 939 94 83 
109 25 907 914 125 143 
110 1 498 154 119 98 
110 2 893 906 128 77 
110 3 619 364 98 102 
110 4 1023 716 77 126 
110 5 924 979 120 79 
110 6 421 859 109 77 
110 7 222 736 67 117 
110 8 156 118 39 117 
110 9 228 700 134 50 
110 10 325 102 83 81 
110 11 313 168 55 87 
110 12 131 447 65 122 
110 13 465 997 83 74 
110 14 401 635 147 58 
110 15 113 854 77 106 
110 16 364 961 74 104 
110 17 444 0 122 54 
110 18 194 940 93 82 
110 25 907 914 126 143 
111 1 499 154 118 98 
111 2 893 906 129 77 
111 3 620 364 96 102 
111 4 1023 716 77 126 
111 5 923 979 121 79 
111 6 423 859 107 76 
111 7 222 736 67 117 
111 8 156 118 39 117 
111 9 229 700 134 50 
111 10 324 102 85 80 
111 11 313 167 58 90 
111 12 132 447 63 123 
111 13 463 997 84 73 
111 14 401 635 147 58 
111 15 114 852 75 105 
111 16 364 962 73 103 
111 17 443 0 122 54 
111 18 195 941 93 81 
111 25 907 914 127 145 
112 1 499 154 118 98 
112 2 893 906 129 77 
112 3 620 365 97 101 
112 4 1024 715 75 127 
112 5 922 979 123 79 
112 6 421 857 112 78 
112 7 222 735 67 118 
112 8 157 118 38 117 
112 9 230 701 132 49 
112 10 324 102 85 80 
112 11 313 166 59 92 
112 12 133 447 61 124 
112 13 460 997 85 73 
112 14 401 635 147 58 
112 15 115 851 73 103 
112 16 363 962 73 103 
112 17 443 0 120 54 
112 18 198 943 90 79 
112 25 907 914 127 145 
113 1 499 155 118 97 
113 2 893 905 131 79 
113 3 620 365 97 101 
113 4 1023 716 76 126 
113 5 922 979 122 79 
113 6 422 856 111 79 
113 7 222 734 68 119 
113 8 157 118 38 118 
113 9 230 701 132 49 
113 10 322 102 85 78 
113 11 312 167 62 93 
113 12 134 453 58 120 
113 13 456 997 88 73 
113 14 401 636 147 58 
113 15 116 848 71 101 
113 16 362 963 73 102 
113 17 442 0 118 54 
113 18 199 943 90 79 
113 25 906 912 127 146 
114 1 500 155 116 97 
114 2 893 905 131 79 
114 3 620 365 96 102 
114 4 1024 717 75 125 
114 5 920 979 124 79 
114 6 422 856 112 78 
114 7 221 734 69 119 
114 8 157 119 38 118 
114 9 229 701 135 49 
114 10 318 101 88 78 
114 11 312 167 63 95 
114 12 135 455 57 122 
114 13 454 1000 88 71 
114 14 401 636 147 58 
114 15 116 846 72 102 
114 16 361 964 72 100 
114 17 438 0 120 56 
114 18 201 943 88 79 
114 25 905 912 128 146 
115 1 499 155 117 97 
115 2 893 904 132 80 
115 3 620 365 97 102 
115 4 1024 717 74 124 
115 5 919 979 125 79 
115 6 423 855 112 79 
115 7 221 734 69 119 
115 8 157 118 39 119 
115 9 228 701 136 49 
115 10 316 101 88 78 
115 11 312 168 64 95 
115 12 135 458 54 121 
115 13 452 1003 86 68 
115 14 402 636 146 58 
115 15 116 844 70 102 
115 16 360 964 72 100 
115 17 437 0 119 56 
115 18 201 944 89 78 
115 25 905 912 128 147 
116 1 500 156 117 96 
116 2 893 904 132 79 
116 3 620 365 97 102 
116 4 1024 718 74 123 
116 5 918 979 126 79 
116 6 423 855 113 78 
116 7 221 733 69 120 
116 8 157 118 39 120 
116 9 228 701 136 49 
116 10 314 101 90 77 
116 11 311 169 66 95 
116 12 134 461 52 119 
116 13 450 1004 88 68 
116 14 402 636 145 58 
116 15 117 842 69 102 
116 16 359 963 74 102 
116 17 436 0 117 56 
116 18 202 944 88 79 
116 25 904 912 129 147 
117 1 500 156 117 96 
117 2 892 904 132 79 
117 3 621 365 95 102 
117 4 1024 718 74 122 
117 5 917 980 126 78 
117 6 424 855 112 78 
117 7 221 733 68 120 
117 8 157 117 39 121 
117 9 228 701 137 49 
117 10 311 101 92 77 
117 11 311 169 67 96 
117 12 134 464 50 120 
117 13 449 1004 90 69 
117 14 402 637 144 57 
117 15 117 838 69 102 
117 16 359 963 73 102 
117 17 436 0 114 56 
117 18 201 943 89 80 
118 1 500 156 117 97 
118 2 891 903 134 80 
118 3 621 365 95 102 
118 4 1024 718 74 122 
118 5 915 980 127 79 
118 6 426 856 111 76 
118 7 221 732 69 121 
118 8 157 117 38 121 
118 9 228 701 137 49 
118 10 308 100 94 78 
118 11 311 169 67 97 
118 12 133 468 49 123 
118 13 443 1002 94 72 
118 14 402 637 145 57 
118 15 116 832 70 106 
118 16 357 963 75 103 
118 17 435 0 112 55 
118 18 202 942 90 82 
119 1 500 156 117 97 
119 2 891 902 133 81 
119 3 622 366 94 101 
119 4 1024 718 73 122 
119 5 913 979 127 80 
119 6 427 856 111 75 
119 7 220 732 70 121 
119 8 157 117 38 121 
119 9 230 701 135 49 
119 10 307 100 93 77 
119 11 311 169 69 98 
119 12 134 470 48 123 
119 13 439 1001 95 74 
119 14 402 637 144 57 
119 15 116 830 70 105 
119 16 357 963 75 103 
119 17 435 0 111 55 
119 18 202 942 91 83 
120 1 500 156 117 97 
120 2 890 902 132 81 
120 3 622 367 94 100 
120 4 1023 717 74 123 
120 5 912 979 128 80 
120 6 428 855 111 76 
120 7 219 731 69 122 
120 8 157 117 38 121 
120 9 230 701 135 49 
120 10 306 100 93 75 
120 11 311 169 70 99 
120 12 133 474 48 125 
120 13 435 1000 97 76 
120 14 402 636 146 58 
120 15 116 827 70 106 
120 16 356 963 75 103 
120 17 435 0 106 54 
120 18 203 942 90 84 
121 1 500 156 117 97 
121 2 889 902 134 81 
121 3 622 367 95 100 
121 4 1023 717 74 124 
121 5 914 981 125 78 
121 6 429 856 110 74 
121 7 219 730 70 123 
121 8 157 117 38 121 
121 9 230 701 135 48 
121 10 305 100 93 74 
121 11 310 170 72 100 
121 12 134 480 45 124 
121 13 432 999 98 78 
121 14 402 636 146 58 
121 15 116 823 70 107 
121 16 357 963 73 101 
121 17 434 0 105 54 
121 18 204 942 91 84 
122 1 500 156 117 97 
122 2 888 901 135 82 
122 3 622 367 95 101 
122 4 1024 717 73 124 
122 5 914 981 125 78 
122 6 430 856 108 73 
122 7 219 730 70 122 
122 8 157 117 38 121 
122 9 230 701 135 48 
122 10 304 101 94 72 
122 11 310 171 72 99 
122 12 135 485 44 122 
122 13 431 1000 97 77 
122 14 403 636 145 57 
122 15 116 818 70 108 
122 16 357 963 73 101 
122 17 434 0 102 53 
122 18 204 942 91 84 
123 1 500 156 117 97 
123 2 888 900 134 82 
123 3 622 367 95 101 
123 4 1024 717 73 124 
123 5 913 980 127 79 
123 6 430 856 109 72 
123 7 218 730 69 122 
123 8 157 117 38 121 
123 9 230 702 135 47 
123 10 303 101 96 71 
123 11 311 172 71 97 
123 12 136 491 42 119 
123 13 429 998 99 79 
123 14 402 636 146 57 
123 15 116 815 68 107 
123 16 356 963 74 102 
123 17 433 0 102 53 
123 18 205 942 90 84 
124 1 501 156 116 97 
124 2 887 900 134 82 
124 3 622 367 95 101 
124 4 1024 718 73 122 
124 5 911 979 129 81 
124 6 431 856 109 71 
124 7 217 731 69 121 
124 8 157 117 38 121 
124 9 230 702 136 47 
124 10 302 101 97 71 
124 11 312 174 71 95 
124 12 136 494 41 117 
124 13 428 999 97 78 
124 14 402 635 146 58 
124 15 117 813 67 104 
124 16 356 963 73 101 
124 17 431 0 102 53 
124 18 205 942 90 85 
125 1 501 156 115 97 
125 2 886 900 134 82 
125 3 622 367 95 101 
125 4 1024 718 73 122 
125 5 911 979 127 81 
125 6 430 855 111 72 
125 7 217 731 69 122 
125 8 158 117 37 121 
125 9 230 702 136 47 
125 10 303 101 96 70 
125 11 312 175 72 95 
125 12 136 495 40 117 
125 13 428 999 96 79 
125 14 402 635 147 58 
125 15 117 810 66 104 
125 16 356 963 73 101 
125 17 431 0 101 53 
125 18 206 942 90 85 
126 1 501 157 116 96 
126 2 886 900 133 82 
126 3 622 367 95 101 
126 4 1024 718 73 122 
126 5 910 979 128 81 
126 6 431 855 111 72 
126 7 217 731 68 122 
126 8 158 117 37 121 
126 9 230 702 137 47 
126 10 302 101 97 70 
126 11 312 178 73 95 
126 12 134 499 40 118 
126 13 427 999 97 79 
126 14 402 635 147 59 
126 15 117 807 66 104 
126 16 354 964 73 100 
126 17 431 0 99 53 
126 18 206 941 90 86 
127 1 501 157 116 96 
127 2 886 899 132 82 
127 3 622 367 95 101 
127 4 1024 718 73 122 
127 5 909 979 128 81 
127 6 431 854 112 73 
127 7 217 731 68 122 
127 8 158 117 37 121 
127 9 229 701 139 48 
127 10 301 102 99 68 
127 11 313 180 73 94 
127 12 134 502 39 120 
127 13 426 997 97 81 
127 14 402 635 147 59 
127 15 117 803 66 105 
127 16 354 966 71 98 
127 17 427 0 100 53 
127 18 206 941 90 86 
128 1 500 156 117 97 
128 2 885 899 134 82 
128 3 622 367 95 101 
128 4 1024 719 72 121 
128 5 910 979 127 80 
128 6 430 854 114 73 
128 7 218 731 68 121 
128 8 158 117 37 120 
128 9 229 701 140 48 
128 10 301 102 100 68 
128 11 313 181 73 93 
128 12 134 503 40 123 
128 13 425 997 97 81 
128 14 402 635 146 59 
128 15 117 800 67 105 
128 16 354 967 70 97 
128 17 425 0 100 53 
128 18 207 941 89 86 
129 1 500 156 117 98 
129 2 885 898 134 83 
129 3 622 367 95 102 
129 4 1024 719 72 121 
129 5 911 978 124 80 
129 6 430 854 114 73 
129 7 218 731 68 121 
129 8 158 117 37 120 
129 9 229 701 141 48 
129 10 300 102 101 68 
129 11 313 182 74 93 
129 12 134 506 39 123 
129 13 424 997 96 80 
129 14 402 635 146 59 
129 15 117 797 67 108 
129 16 353 968 71 96 
129 17 424 0 100 53 
129 18 207 942 90 86 
130 1 500 156 117 98 
130 2 885 898 133 83 
130 3 622 367 96 103 
130 4 1024 720 72 120 
130 5 911 979 124 79 
130 6 430 854 115 73 
130 7 220 730 68 121 
130 8 157 116 38 121 
130 9 228 700 142 49 
130 10 300 102 101 67 
130 11 313 184 76 93 
130 12 134 512 38 120 
130 13 423 999 94 79 
130 14 401 635 148 59 
130 15 117 794 67 108 
130 16 352 968 70 95 
130 17 424 0 99 53 
130 18 207 942 90 86 
130 25 896 906 130 150 
131 1 500 156 118 98 
131 2 886 898 133 83 
131 3 622 367 95 103 
131 4 1023 720 72 120 
131 5 912 979 122 78 
131 6 431 854 115 73 
131 7 220 729 69 122 
131 8 158 116 37 121 
131 9 228 700 143 49 
131 10 300 102 102 67 
131 11 313 184 77 94 
131 12 136 519 36 116 
131 13 423 1001 91 77 
131 14 401 635 149 59 
131 15 117 792 67 108 
131 16 352 968 70 95 
131 17 423 0 97 53 
131 18 208 942 89 86 
131 25 896 905 130 150 
132 1 500 156 117 98 
132 2 885 898 135 84 
132 3 622 367 95 103 
132 4 1023 720 72 119 
132 5 912 980 121 77 
132 6 432 854 114 73 
132 7 220 729 69 122 
132 8 158 116 37 121 
132 9 229 701 141 48 
132 10 299 103 103 66 
132 11 312 185 80 96 
132 12 138 525 35 113 
132 13 422 1003 88 72 
132 14 402 635 148 60 
132 15 117 789 67 108 
132 16 349 966 74 98 
132 17 422 0 96 52 
132 18 209 943 88 85 
132 25 896 905 129 151 
133 1 500 156 118 98 
133 2 886 897 133 84 
133 3 622 367 95 104 
133 4 1024 720 71 119 
133 5 911 980 121 77 
133 6 432 854 115 72 
133 7 220 728 69 122 
133 8 158 116 37 121 
133 9 230 701 140 48 
133 10 299 103 104 66 
133 11 312 185 81 97 
133 12 138 527 35 113 
133 13 422 1004 89 73 
133 14 403 636 147 59 
133 15 117 786 66 109 
133 16 349 965 74 100 
133 17 422 0 95 52 
133 18 210 943 88 86 
133 25 896 905 129 151 
134 1 500 156 118 98 
134 2 886 898 131 83 
134 3 622 367 95 103 
134 4 1023 720 72 119 
134 5 910 980 123 77 
134 6 432 854 115 72 
134 7 219 728 70 122 
134 8 158 116 37 121 
134 9 230 701 140 48 
134 10 299 103 104 65 
134 11 312 186 82 97 
134 12 136 529 36 116 
134 13 421 1004 87 71 
134 14 404 636 146 59 
134 15 117 783 67 110 
134 16 349 965 73 100 
134 17 421 0 96 52 
134 18 210 944 89 86 
135 1 500 156 118 98 
135 2 887 900 127 80 
135 3 622 367 95 103 
135 4 1023 720 72 119 
135 5 910 980 123 77 
135 6 431 852 119 74 
135 7 220 728 69 122 
135 8 158 116 37 120 
135 9 231 702 140 47 
135 10 298 103 106 66 
135 11 312 187 82 96 
135 12 135 530 37 119 
135 13 419 1004 90 72 
135 14 404 636 146 59 
135 15 117 782 67 109 
135 16 348 965 74 100 
135 17 421 0 95 52 
135 18 210 944 89 87 
136 1 500 156 118 98 
136 2 887 900 126 80 
136 3 623 367 95 104 
136 4 1023 721 71 118 
136 5 909 979 125 78 
136 6 430 851 121 75 
136 7 219 728 70 122 
136 8 158 116 37 120 
136 9 230 702 142 48 
136 10 298 103 107 66 
136 11 313 187 82 96 
136 12 135 531 37 122 
136 13 417 1004 93 73 
136 14 404 637 146 58 
136 15 117 780 67 110 
136 16 348 966 74 99 
136 17 421 0 94 52 
136 18 211 944 88 87 
137 1 500 155 118 99 
137 2 887 900 126 79 
137 3 622 367 95 104 
137 4 1023 721 72 118 
137 5 908 979 126 78 
137 6 432 851 118 74 
137 7 219 728 70 122 
137 8 158 116 37 120 
137 9 231 702 140 48 
137 10 298 103 107 66 
137 11 313 188 82 94 
137 12 135 535 38 122 
137 13 417 1005 93 72 
137 14 405 637 145 57 
137 15 117 779 67 110 
137 16 348 966 74 99 
137 17 420 0 95 52 
137 18 211 944 88 87 
138 1 500 155 117 99 
138 2 886 898 128 81 
138 3 623 368 94 103 
138 4 1023 721 71 118 
138 5 910 979 124 78 
138 6 432 850 120 75 
138 7 219 728 70 122 
138 8 158 116 37 120 
138 9 233 702 138 48 
138 10 297 103 110 67 
138 11 312 189 83 94 
138 12 137 543 37 121 
138 13 414 1009 89 67 
138 14 404 637 146 57 
138 15 116 773 67 110 
138 16 347 966 74 99 
138 17 420 0 93 52 
138 18 213 946 89 88 
139 1 501 155 117 99 
139 2 885 898 131 82 
139 3 622 367 96 104 
139 4 1023 721 72 118 
139 5 909 978 126 79 
139 6 433 850 121 75 
139 7 219 728 70 122 
139 8 158 116 37 121 
139 9 233 702 138 48 
139 10 297 103 110 67 
139 11 312 190 84 93 
139 12 139 549 37 118 
139 13 411 1010 90 67 
139 14 404 637 146 57 
139 15 116 770 66 110 
139 16 346 966 74 99 
139 17 419 0 94 52 
139 18 214 946 90 91 
140 1 501 155 117 99 
140 2 886 897 129 83 
140 3 623 367 95 104 
140 4 1023 721 72 118 
140 5 909 978 126 79 
140 6 434 850 118 74 
140 7 219 728 70 122 
140 8 159 116 36 121 
140 9 234 703 137 47 
140 10 298 103 110 67 
140 11 312 190 84 93 
140 12 139 551 37 120 
140 13 409 1010 90 67 
140 14 405 637 145 57 
140 15 115 767 66 111 
140 16 346 969 70 94 
140 17 419 0 93 52 
140 18 215 947 91 91 
140 25 894 903 130 152 
141 1 501 155 117 99 
141 2 886 899 128 81 
141 3 622 367 95 104 
141 4 1023 721 72 118 
141 5 909 978 127 79 
141 6 435 850 117 74 
141 7 219 727 69 122 
141 8 158 116 37 121 
141 9 234 703 138 46 
141 10 297 103 111 67 
141 11 312 191 84 93 
141 12 139 553 38 121 
141 13 408 1011 91 67 
141 14 405 637 144 57 
141 15 113 764 68 113 
141 16 345 972 68 89 
141 17 418 0 93 52 
141 18 216 948 90 91 
141 25 895 902 129 153 
142 1 501 155 117 99 
142 2 885 897 130 82 
142 3 622 367 95 104 
142 4 1023 721 72 118 
142 5 910 978 125 79 
142 6 435 850 118 73 
142 7 218 727 71 122 
142 8 158 116 37 121 
142 9 234 703 138 46 
142 10 297 103 111 67 
142 11 312 192 86 92 
142 12 140 557 39 121 
142 13 405 1011 94 67 
142 14 405 637 144 57 
142 15 113 761 69 117 
142 16 344 973 67 87 
142 17 418 0 92 52 
142 18 217 948 90 92 
142 25 895 902 129 153 
143 1 501 155 117 99 
143 2 885 897 131 83 
143 3 622 367 95 105 
143 4 1023 721 71 118 
143 5 909 978 126 79 
143 6 436 850 117 73 
143 7 218 726 71 123 
143 8 158 116 37 120 
143 9 234 703 138 46 
143 10 297 103 112 68 
143 11 312 193 88 93 
143 12 140 560 40 122 
143 13 403 1010 97 69 
143 14 406 637 143 57 
143 15 113 760 70 118 
143 16 343 974 68 87 
143 17 418 0 92 52 
143 18 218 949 89 92 
143 25 896 903 128 153 
144 1 501 156 117 99 
144 2 885 897 133 84 
144 3 622 365 98 110 
144 4 1023 720 72 120 
144 5 908 978 126 79 
144 6 437 850 119 73 
144 7 219 726 70 123 
144 8 158 116 38 122 
144 9 233 701 142 48 
144 10 297 103 115 69 
144 11 312 195 88 92 
144 12 140 565 40 123 
144 13 403 1013 95 66 
144 14 407 638 145 57 
144 15 113 757 69 119 
144 16 342 974 68 87 
144 17 416 0 94 53 
144 18 219 950 88 92 
144 25 896 903 128 153 
145 1 501 156 117 99 
145 2 885 896 133 85 
145 3 622 364 98 112 
145 4 1023 720 72 120 
145 5 909 978 126 79 
145 6 439 849 118 74 
145 7 219 726 70 123 
145 8 158 115 38 124 
145 9 235 701 139 48 
145 10 296 103 118 71 
145 11 311 196 90 92 
145 12 140 569 41 124 
145 13 403 1015 92 63 
145 14 408 638 145 57 
145 15 114 755 67 116 
145 16 341 973 68 87 
145 17 414 0 95 54 
145 18 221 952 85 90 
145 25 896 902 128 154 
146 1 501 157 118 98 
146 2 885 896 132 85 
146 3 621 364 100 112 
146 4 1023 720 72 120 
146 5 909 978 126 79 
146 6 439 849 118 73 
146 7 220 726 69 122 
146 8 157 115 39 125 
146 9 235 701 139 48 
146 10 293 103 118 71 
146 11 311 196 90 92 
146 12 140 572 42 125 
146 13 402 1016 91 62 
146 14 408 638 145 58 
146 15 114 750 66 115 
146 16 340 973 70 88 
146 17 413 0 95 54 
146 18 223 954 83 88 
146 25 896 902 127 154 
147 1 500 157 119 98 
147 2 885 896 132 85 
147 3 622 363 98 113 
147 4 1023 720 72 121 
147 5 910 978 125 79 
147 6 439 849 118 73 
147 7 220 727 69 121 
147 8 157 114 39 126 
147 9 236 701 138 47 
147 10 288 104 116 70 
147 11 310 196 91 91 
147 12 141 576 41 124 
147 13 401 1018 90 59 
147 14 409 638 145 58 
147 15 114 746 66 114 
147 16 340 973 68 87 
147 17 413 0 96 55 
147 18 225 956 81 86 
147 25 895 901 128 155 
148 1 501 157 118 98 
148 2 885 895 132 86 
148 3 622 364 98 112 
148 4 1023 720 72 121 
148 5 909 978 126 79 
148 6 439 848 119 73 
148 7 220 727 69 121 
148 8 157 114 39 127 
148 9 235 701 140 48 
148 10 286 104 113 68 
148 11 310 197 91 90 
148 12 141 578 42 124 
148 13 400 1019 89 58 
148 14 409 638 145 58 
148 15 115 743 64 113 
148 16 339 973 69 87 
148 17 412 0 97 55 
148 18 226 957 81 85 
148 25 896 901 127 154 
149 1 501 157 118 98 
149 2 885 895 132 86 
149 3 623 364 97 112 
149 4 1023 720 72 121 
149 5 910 978 126 79 
149 6 439 848 119 73 
149 7 220 726 69 121 
149 8 157 114 39 127 
149 9 235 701 141 48 
149 10 283 104 114 68 
149 11 310 197 91 90 
149 12 141 581 42 124 
149 13 398 1020 90 57 
149 14 411 639 142 57 
149 15 114 740 65 115 
149 16 339 972 69 87 
149 17 412 0 97 56 
149 18 228 958 80 83 
149 25 895 900 127 154 
150 1 501 157 118 97 
150 2 884 895 132 86 
150 3 623 364 96 113 
150 4 1023 720 72 122 
150 5 912 978 125 79 
150 6 440 848 119 73 
150 7 220 726 69 121 
150 8 157 114 39 126 
150 9 234 701 143 49 
150 10 274 102 114 68 
150 11 309 198 93 89 
150 12 141 584 42 121 
150 13 394 1020 91 56 
150 14 411 639 141 57 
150 15 113 738 65 114 
150 16 340 970 70 88 
150 17 412 0 96 56 
150 18 229 957 80 84 
150 25 895 900 127 154 
151 1 501 157 118 97 
151 2 884 895 132 85 
151 3 623 364 96 113 
151 4 1023 720 72 122 
151 5 912 978 126 78 
151 6 441 848 119 73 
151 7 220 725 70 122 
151 8 157 115 39 125 
151 9 234 702 141 48 
151 10 267 100 115 68 
151 11 309 198 92 88 
151 12 141 586 42 119 
151 13 392 1021 90 55 
151 14 410 639 144 57 
151 15 115 737 64 113 
151 16 340 970 70 87 
151 17 411 0 97 56 
151 18 229 957 82 84 
152 1 500 157 119 97 
152 2 885 895 131 85 
152 3 624 364 95 113 
152 4 1023 720 71 122 
152 5 913 978 124 78 
152 6 442 848 119 73 
152 7 221 725 67 120 
152 8 158 115 38 125 
152 9 235 702 140 49 
152 10 261 97 117 70 
152 11 308 198 93 88 
152 12 140 589 43 117 
152 13 390 1021 89 54 
152 14 411 639 142 57 
152 15 115 735 62 107 
152 16 341 969 70 85 
152 17 410 0 97 57 
152 18 232 960 79 81 
153 1 500 157 119 97 
153 2 885 894 132 86 
153 3 624 364 94 113 
153 4 1023 720 71 121 
153 5 912 978 125 78 
153 6 441 848 121 73 
153 7 221 725 66 118 
153 8 158 116 37 124 
153 9 235 702 141 49 
153 10 256 95 118 72 
153 11 307 199 94 87 
153 12 139 592 44 114 
153 13 390 1023 82 48 
153 14 412 640 140 56 
153 15 114 732 62 108 
153 16 343 967 69 85 
153 17 410 0 96 57 
153 18 233 963 78 78 
154 1 500 157 120 98 
154 2 885 895 131 85 
154 3 624 364 94 113 
154 4 1023 721 71 120 
154 5 913 978 125 78 
154 6 442 847 121 74 
154 7 221 725 66 118 
154 8 158 116 37 124 
154 9 235 703 141 48 
154 10 251 94 121 73 
154 11 306 199 95 87 
154 12 137 594 45 114 
154 13 389 1025 79 44 
154 14 411 640 140 56 
154 15 114 732 60 104 
154 16 344 965 69 86 
154 17 410 0 93 55 
154 18 232 964 79 78 
155 1 500 157 120 98 
155 2 886 894 132 86 
155 3 624 364 95 113 
155 4 1023 721 70 120 
155 5 913 978 124 78 
155 6 442 847 122 74 
155 7 221 725 66 117 
155 8 157 116 39 125 
155 9 234 703 144 50 
155 10 247 93 123 75 
155 11 306 199 96 88 
155 12 135 595 47 113 
155 13 387 1026 79 42 
155 14 410 639 143 57 
155 15 114 731 61 103 
155 16 346 963 68 86 
155 17 410 0 91 54 
155 18 233 965 81 79 
156 1 499 157 121 99 
156 2 886 894 132 86 
156 3 624 364 94 114 
156 4 1023 721 70 120 
156 5 912 978 125 77 
156 6 442 847 122 74 
156 7 221 724 66 118 
156 8 156 115 39 126 
156 9 235 702 146 51 
156 10 239 91 124 77 
156 11 305 200 97 87 
156 12 133 596 49 115 
156 13 384 1030 77 38 
156 14 410 638 145 58 
156 15 114 730 57 93 
156 16 347 960 69 86 
156 17 410 0 89 52 
156 18 234 966 81 79 
157 1 499 156 122 100 
157 2 886 894 132 87 
157 3 624 364 92 113 
157 4 1023 721 69 119 
157 5 912 978 125 77 
157 6 444 847 120 73 
157 7 221 724 66 117 
157 8 155 113 40 127 
157 9 236 702 145 51 
157 10 236 91 121 76 
157 11 305 200 97 87 
157 12 131 598 51 113 
157 13 381 1031 77 36 
157 14 410 638 144 59 
157 15 114 729 53 86 
157 16 349 960 67 85 
157 17 411 0 86 50 
157 18 233 966 83 80 
158 1 499 156 122 100 
158 2 886 895 129 86 
158 3 624 364 94 114 
158 4 1023 721 70 119 
158 5 911 978 126 78 
158 6 446 847 118 71 
158 7 221 723 66 119 
158 8 155 114 40 126 
158 9 237 702 144 51 
158 10 233 92 119 74 
158 11 305 201 97 86 
158 12 130 598 52 114 
158 13 378 1032 78 35 
158 14 410 638 144 59 
158 15 114 727 52 83 
158 16 350 959 67 86 
158 17 411 0 84 48 
158 18 234 967 83 79 
159 1 499 156 122 100 
159 2 886 895 129 85 
159 3 625 364 93 114 
159 4 1023 721 70 119 
159 5 910 978 127 78 
159 6 448 847 116 71 
159 7 221 723 66 120 
159 8 154 114 42 124 
159 9 237 702 143 52 
159 10 228 90 119 74 
159 11 305 202 96 85 
159 12 129 601 53 111 
159 13 376 1033 79 33 
159 14 410 639 143 58 
159 15 110 723 54 84 
159 16 349 958 68 87 
159 17 410 0 84 47 
159 18 235 968 84 80 
160 1 500 155 120 100 
160 2 886 895 129 85 
160 3 625 364 93 115 
160 4 1023 721 69 119 
160 5 910 978 127 78 
160 6 447 847 117 71 
160 7 220 724 67 119 
160 8 152 113 43 124 
160 9 237 702 143 52 
160 10 226 90 117 73 
160 11 305 203 96 84 
160 12 128 602 54 109 
160 13 371 1032 85 34 
160 14 410 639 144 58 
160 15 106 721 56 86 
160 16 349 957 68 88 
160 17 409 0 84 46 
160 18 236 969 85 80 
161 1 500 155 120 100 
161 2 886 893 131 87 
161 3 625 364 93 115 
161 4 1023 720 70 121 
161 5 911 978 126 78 
161 6 447 847 118 71 
161 7 220 724 67 119 
161 8 151 113 44 122 
161 9 238 703 142 51 
161 10 224 89 116 72 
161 11 305 204 96 83 
161 12 127 602 55 108 
161 13 367 1032 89 34 
161 14 410 639 143 58 
161 15 103 718 59 90 
161 16 350 956 67 88 
161 17 407 0 86 46 
161 18 237 971 86 78 
162 1 500 155 120 100 
162 2 886 893 131 87 
162 3 626 364 93 115 
162 4 1024 720 68 121 
162 5 910 978 127 78 
162 6 448 847 117 71 
162 7 220 723 67 120 
162 8 151 112 45 123 
162 9 240 703 141 51 
162 10 222 89 116 71 
162 11 305 205 96 82 
162 12 126 601 57 109 
162 13 363 1031 93 35 
162 14 409 639 144 58 
162 15 101 709 60 95 
162 16 350 956 67 87 
162 17 406 0 87 46 
162 18 240 973 84 76 
163 1 500 155 120 100 
163 2 886 893 132 87 
163 3 626 364 93 115 
163 4 1023 720 70 121 
163 5 911 978 127 78 
163 6 447 847 118 70 
163 7 219 723 67 120 
163 8 150 112 46 121 
163 9 240 703 142 51 
163 10 219 90 116 71 
163 11 304 204 98 83 
163 12 127 602 57 106 
163 13 358 1031 97 35 
163 14 409 639 144 58 
163 15 99 701 61 98 
163 16 350 955 67 88 
163 17 405 0 87 46 
163 18 243 975 81 73 
164 1 500 155 120 99 
164 2 886 892 132 88 
164 3 626 363 93 117 
164 4 1024 720 68 121 
164 5 911 978 127 78 
164 6 447 847 118 70 
164 7 219 722 67 121 
164 8 149 112 47 120 
164 9 240 702 143 52 
164 10 217 90 116 71 
164 11 303 205 99 82 
164 12 128 601 57 106 
164 13 353 1030 101 36 
164 14 409 639 144 58 
164 15 98 695 63 103 
164 16 350 954 67 89 
164 17 406 0 85 44 
164 18 244 975 82 72 
165 1 499 155 122 100 
165 2 887 892 130 88 
165 3 625 363 94 117 
165 4 1024 720 68 122 
165 5 910 978 127 78 
165 6 447 846 119 71 
165 7 218 721 68 122 
165 8 148 113 48 117 
165 9 241 702 143 52 
165 10 215 91 116 70 
165 11 303 205 100 83 
165 12 129 603 57 102 
165 13 346 1028 107 38 
165 14 409 639 144 58 
165 15 96 688 62 107 
165 16 352 955 64 85 
165 17 404 0 87 43 
165 18 244 976 81 70 
166 1 500 155 121 101 
166 2 887 892 130 88 
166 3 625 363 94 117 
166 4 1024 720 68 122 
166 5 911 978 127 79 
166 6 448 846 118 71 
166 7 218 721 68 122 
166 8 147 113 49 116 
166 9 241 702 144 52 
166 10 214 91 116 71 
166 11 303 206 100 82 
166 12 129 604 59 100 
166 13 340 1025 114 41 
166 14 409 639 144 58 
166 15 95 684 62 109 
166 16 353 955 63 84 
166 17 403 0 87 43 
166 18 244 976 81 69 
167 1 500 155 121 101 
167 2 887 892 130 88 
167 3 625 363 93 117 
167 4 1024 721 68 122 
167 5 911 978 127 79 
167 6 450 846 117 70 
167 7 218 720 67 123 
167 8 146 113 51 116 
167 9 243 702 142 52 
167 10 213 91 117 72 
167 11 304 207 100 82 
167 12 129 606 59 97 
167 13 337 1024 117 41 
167 14 410 639 142 58 
167 15 95 683 60 109 
167 16 354 954 62 83 
167 17 402 0 87 43 
167 18 243 977 82 68 
168 1 500 155 121 101 
168 2 887 894 128 85 
168 3 626 363 92 117 
168 4 1024 721 68 120 
168 5 911 978 127 79 
168 6 452 846 117 70 
168 7 218 720 67 123 
168 8 145 112 52 117 
168 9 244 702 142 52 
168 10 213 91 117 72 
168 11 305 207 100 82 
168 12 129 606 60 97 
168 13 333 1024 117 41 
168 14 410 639 142 58 
168 15 95 682 57 107 
168 16 356 953 62 83 
168 17 399 0 90 43 
168 18 245 979 82 66 
169 1 500 155 121 101 
169 2 887 894 127 85 
169 3 626 365 91 115 
169 4 1024 720 68 121 
169 5 910 978 128 79 
169 6 453 845 117 70 
169 7 218 719 66 123 
169 8 145 112 53 117 
169 9 244 702 142 52 
169 10 212 91 117 72 
169 11 304 208 102 82 
169 12 129 606 61 96 
169 13 330 1024 120 41 
169 14 410 640 141 57 
169 15 96 680 55 106 
169 16 357 951 62 84 
169 17 398 0 91 43 
169 18 245 980 85 66 
170 1 500 155 121 102 
170 2 887 894 126 85 
170 3 625 363 92 117 
170 4 1024 720 68 121 
170 5 910 978 128 79 
170 6 455 845 116 69 
170 7 218 719 66 123 
170 8 144 112 55 117 
170 9 245 703 142 51 
170 10 210 91 118 73 
170 11 301 208 102 81 
170 12 128 605 64 97 
170 13 325 1021 124 44 
170 14 409 639 144 58 
170 15 97 677 53 104 
170 16 357 950 63 83 
170 17 396 0 93 43 
170 18 246 981 86 66 
170 25 895 896 128 156 
171 1 500 155 120 102 
171 2 887 894 126 85 
171 3 625 362 93 118 
171 4 1024 720 67 120 
171 5 910 978 127 79 
171 6 460 844 112 66 
171 7 217 718 67 124 
171 8 144 112 55 117 
171 9 246 703 142 51 
171 10 210 91 118 73 
171 11 300 208 102 81 
171 12 128 604 65 96 
171 13 318 1017 131 47 
171 14 408 639 145 58 
171 15 98 675 50 101 
171 16 359 950 61 82 
171 17 396 0 93 42 
171 18 249 981 87 66 
171 25 896 896 127 156 
172 1 500 155 120 101 
172 2 887 895 127 84 
172 3 625 362 93 119 
172 4 1024 720 67 120 
172 5 911 978 126 79 
172 6 464 843 108 64 
172 7 218 718 66 124 
172 8 144 112 56 116 
172 9 246 703 142 51 
172 10 210 91 118 73 
172 11 300 209 103 80 
172 12 128 605 65 95 
172 13 313 1015 137 49 
172 14 407 639 146 59 
172 15 99 673 48 100 
172 16 360 949 61 81 
172 17 395 0 94 42 
172 18 253 981 87 65 
172 25 896 896 127 156 
173 1 500 155 120 101 
173 2 887 895 127 84 
173 3 625 361 93 120 
173 4 1024 721 67 119 
173 5 911 979 126 78 
173 6 467 842 108 64 
173 7 218 717 66 125 
173 8 143 113 58 116 
173 9 247 703 142 51 
173 10 209 91 118 74 
173 11 301 210 103 79 
173 12 128 604 66 95 
173 13 309 1013 142 53 
173 14 407 638 147 60 
173 15 99 672 48 100 
173 16 360 948 59 80 
173 17 393 0 95 42 
173 18 256 980 88 65 
174 1 500 154 120 102 
174 2 886 895 127 84 
174 3 625 361 93 120 
174 4 1024 721 67 119 
174 5 910 979 127 78 
174 6 469 836 115 69 
174 7 218 718 66 124 
174 8 143 113 58 116 
174 9 248 703 142 51 
174 10 209 91 117 74 
174 11 302 212 102 76 
174 12 129 605 66 93 
174 13 306 1012 145 54 
174 14 408 638 145 59 
174 15 100 671 46 98 
174 16 361 949 58 78 
174 17 392 0 97 42 
174 18 258 979 89 64 
174 25 896 896 127 157 
175 1 500 154 121 103 
175 2 887 895 127 84 
175 3 625 361 94 123 
175 4 1024 721 67 119 
175 5 911 979 126 78 
175 6 474 832 116 71 
175 7 216 718 66 126 
175 8 142 113 60 117 
175 9 249 705 139 49 
175 10 209 92 117 73 
175 11 302 214 102 74 
175 12 131 605 66 92 
175 13 303 1011 142 54 
175 14 408 637 146 60 
175 15 101 668 45 98 
175 16 362 946 58 79 
175 17 391 0 96 41 
175 18 260 977 90 65 
175 25 897 897 127 156 
176 1 500 154 120 103 
176 2 887 895 127 84 
176 3 625 360 94 125 
176 4 1024 720 67 121 
176 5 910 979 127 77 
176 6 477 830 118 72 
176 7 215 720 67 126 
176 8 142 114 60 116 
176 9 249 705 139 50 
176 10 209 92 117 73 
176 11 301 215 103 73 
176 12 132 604 68 92 
176 13 300 1010 140 54 
176 14 408 637 146 60 
176 15 101 665 44 100 
176 16 363 943 58 81 
176 17 391 0 95 40 
176 18 261 976 91 66 
176 25 896 897 127 157 
177 1 500 154 120 103 
177 2 887 895 126 83 
177 3 625 360 94 126 
177 4 1024 720 67 121 
177 5 911 979 126 77 
177 6 483 829 115 71 
177 7 214 720 67 127 
177 8 141 114 61 117 
177 9 248 706 141 50 
177 10 208 92 118 74 
177 11 300 215 105 72 
177 12 133 604 68 92 
177 13 294 1009 141 56 
177 14 408 637 146 61 
177 15 101 663 43 99 
177 16 362 940 61 85 
177 17 390 0 96 40 
177 18 261 976 90 65 
177 25 897 897 126 156 
178 1 500 154 120 103 
178 2 887 895 126 83 
178 3 625 360 94 126 
178 4 1024 720 67 121 
178 5 911 978 126 78 
178 6 490 827 113 70 
178 7 215 724 66 125 
178 8 141 115 62 115 
178 9 247 705 143 51 
178 10 207 93 118 73 
178 11 301 217 103 70 
178 12 133 602 70 93 
178 13 287 1007 142 56 
178 14 407 637 146 61 
178 15 102 660 42 98 
178 16 363 937 62 87 
178 17 388 0 97 40 
178 18 263 978 89 62 
178 25 897 898 126 155 
179 1 500 154 119 103 
179 2 887 895 126 83 
179 3 626 360 93 126 
179 4 1024 721 66 118 
179 5 911 978 125 77 
179 6 495 826 110 68 
179 7 214 726 67 128 
179 8 140 115 62 115 
179 9 246 705 144 52 
179 10 207 93 117 74 
179 11 300 218 105 69 
179 12 134 603 70 91 
179 13 280 1002 146 61 
179 14 407 637 146 61 
179 15 103 657 41 98 
179 16 365 936 61 87 
179 17 388 0 93 38 
179 18 267 981 86 59 
179 25 897 898 126 155 
180 1 500 154 119 103 
180 2 887 893 129 86 
180 3 626 361 92 126 
180 4 1024 721 66 118 
180 5 910 978 127 78 
180 6 498 824 110 68 
180 7 213 728 67 129 
180 8 141 116 62 113 
180 9 246 705 145 52 
180 10 207 93 117 74 
180 11 300 218 106 68 
180 12 135 603 70 89 
180 13 279 1000 146 62 
180 14 407 638 145 60 
180 15 102 654 41 97 
180 16 367 935 61 87 
180 17 386 0 92 37 
180 18 271 983 85 56 
180 25 897 898 126 156 
181 1 500 154 119 103 
181 2 887 893 130 86 
181 3 627 361 91 125 
181 4 1024 721 66 118 
181 5 911 978 126 78 
181 6 500 820 112 70 
181 7 212 731 67 129 
181 8 140 116 63 113 
181 9 246 705 146 53 
181 10 207 94 116 73 
181 11 299 219 108 67 
181 12 134 600 72 91 
181 13 274 997 148 64 
181 14 406 638 147 60 
181 15 102 650 41 100 
181 16 367 934 61 86 
181 17 383 0 94 38 
181 18 274 984 83 54 
181 25 898 899 125 155 
182 1 500 154 119 103 
182 2 887 894 128 85 
182 3 628 362 89 124 
182 4 1024 721 66 119 
182 5 911 978 126 78 
182 6 506 819 111 67 
182 7 210 737 66 126 
182 8 140 117 63 111 
182 9 246 705 147 54 
182 10 205 94 118 74 
182 11 298 219 109 68 
182 12 134 596 74 93 
182 13 267 990 149 66 
182 14 405 637 148 62 
182 15 103 645 40 98 
182 16 366 931 63 87 
182 17 377 0 97 38 
182 25 897 898 126 156 
183 1 501 154 117 103 
183 2 888 894 126 85 
183 3 627 362 90 125 
183 4 1024 721 66 119 
183 5 911 978 126 77 
183 6 510 817 111 67 
183 7 208 740 66 127 
183 8 140 119 63 109 
183 9 244 704 151 56 
183 10 202 94 120 75 
183 11 297 220 109 67 
183 12 134 595 76 94 
183 13 259 985 152 69 
183 14 404 636 149 63 
183 15 102 642 41 98 
183 16 366 930 63 87 
183 17 375 0 98 38 
183 25 897 898 125 155 
184 1 501 154 117 103 
184 2 888 894 126 84 
184 3 628 362 88 124 
184 4 1024 721 66 119 
184 5 911 978 126 77 
184 6 512 815 113 69 
184 7 206 744 66 125 
184 8 140 121 64 107 
184 9 244 704 151 57 
184 10 198 94 119 75 
184 11 296 221 111 66 
184 12 134 594 77 94 
184 13 255 981 153 71 
184 14 403 636 150 63 
184 15 103 641 40 98 
184 16 366 930 63 85 
184 17 373 0 98 38 
184 25 897 898 125 155 
185 1 501 154 117 103 
185 2 887 894 127 84 
185 3 628 362 87 124 
185 4 1024 721 66 119 
185 5 911 978 126 77 
185 6 514 813 114 70 
185 7 205 746 66 124 
185 8 141 123 63 105 
185 9 246 704 150 57 
185 10 195 93 117 74 
185 11 295 222 112 65 
185 12 136 594 76 93 
185 13 250 979 155 72 
185 14 403 635 149 64 
185 15 103 639 39 96 
185 16 366 928 64 85 
185 17 372 0 98 38 
185 18 274 979 105 69 
185 25 897 897 125 155 
186 1 501 154 117 103 
186 2 887 895 127 83 
186 3 629 362 87 125 
186 4 1024 721 66 120 
186 5 911 978 126 77 
186 6 516 811 116 71 
186 7 204 748 65 122 
186 8 141 124 64 104 
186 9 246 704 149 57 
186 10 194 92 115 74 
186 11 295 222 112 65 
186 12 136 594 77 92 
186 14 403 635 149 64 
186 15 103 638 39 96 
186 16 366 928 65 83 
186 17 370 0 99 38 
186 18 274 978 107 70 
186 25 897 897 125 155 
187 1 501 154 117 103 
187 2 887 895 127 83 
187 3 628 363 87 124 
187 4 1024 721 66 120 
187 5 912 978 124 77 
187 6 520 809 115 71 
187 7 203 752 64 120 
187 8 141 125 65 104 
187 9 244 703 152 59 
187 10 191 91 115 74 
187 11 295 222 113 66 
187 12 135 594 78 91 
187 14 402 635 150 64 
187 15 103 636 38 93 
187 16 367 929 67 82 
187 17 368 0 98 38 
187 18 271 976 109 71 
187 25 897 897 125 155 
188 1 501 154 117 103 
188 2 887 894 127 84 
188 3 629 363 86 124 
188 4 1024 721 66 120 
188 5 912 978 124 76 
188 6 524 807 117 72 
188 7 202 757 63 116 
188 8 141 127 67 104 
188 9 244 703 153 61 
188 10 188 89 117 74 
188 11 297 225 110 61 
188 12 136 596 75 86 
188 14 401 634 151 65 
188 15 101 633 38 92 
188 16 370 930 67 78 
188 17 364 0 99 38 
188 18 257 973 113 73 
189 1 501 154 116 103 
189 2 887 894 127 84 
189 3 629 363 85 124 
189 4 1024 721 66 120 
189 5 912 978 124 76 
189 6 526 805 118 73 
189 7 201 760 63 114 
189 8 142 129 66 100 
189 9 243 703 155 62 
189 10 185 87 119 76 
189 11 297 226 110 60 
189 12 137 598 74 81 
189 14 401 634 151 65 
189 15 101 629 38 95 
189 16 370 932 68 75 
189 17 362 0 100 39 
189 18 249 970 114 75 
190 1 501 154 116 103 
190 2 887 894 127 83 
190 3 629 363 84 125 
190 4 1024 721 66 120 
190 5 912 978 124 76 
190 6 527 804 119 74 
190 7 199 761 64 114 
190 8 143 131 66 96 
190 9 242 703 156 63 
190 10 183 86 120 77 
190 11 297 227 111 60 
190 12 137 598 75 80 
190 14 401 634 151 66 
190 15 101 626 38 95 
190 16 370 933 69 74 
190 17 360 0 102 40 
190 18 243 967 118 77 
191 1 501 154 116 103 
191 2 888 894 125 83 
191 3 629 363 84 125 
191 4 1024 721 66 120 
191 5 912 978 124 76 
191 6 531 803 118 74 
191 7 198 763 64 114 
191 8 146 137 63 86 
191 9 242 703 156 64 
191 10 180 84 122 78 
191 11 297 228 112 59 
191 12 137 598 76 78 
191 14 401 634 150 66 
191 15 101 625 38 91 
191 16 372 936 71 71 
191 17 359 0 103 40 
191 18 236 962 122 80 
192 1 501 154 117 103 
192 2 887 894 127 83 
192 3 629 363 84 125 
192 4 1024 721 66 120 
192 5 912 978 124 76 
192 6 534 802 118 73 
192 7 197 764 65 114 
192 8 149 142 61 80 
192 9 242 702 156 65 
192 10 178 83 122 79 
192 11 295 229 113 58 
192 12 137 599 78 76 
192 14 401 634 151 66 
192 15 100 620 39 94 
192 16 373 936 75 72 
192 17 358 0 105 41 
192 18 232 959 124 83 
193 1 500 153 118 104 
193 2 888 894 126 83 
193 3 630 363 83 125 
193 4 1024 721 66 120 
193 5 913 978 123 75 
193 6 536 801 117 73 
193 7 196 764 67 115 
193 8 150 147 61 76 
193 9 243 702 154 66 
193 10 175 83 124 79 
193 11 295 229 113 59 
193 12 138 599 78 75 
193 14 400 633 152 67 
193 15 100 618 39 95 
193 16 377 938 75 69 
193 17 357 0 104 41 
193 18 229 956 125 85 
193 27 309 980 96 60 
194 1 500 153 118 104 
194 2 888 893 128 85 
194 3 630 363 82 125 
194 4 1024 721 65 119 
194 5 913 978 123 75 
194 6 540 800 117 73 
194 7 195 763 68 117 
194 8 150 149 64 76 
194 9 243 702 154 66 
194 10 170 80 127 82 
194 11 293 228 117 60 
194 12 139 599 80 74 
194 14 398 632 154 69 
194 15 99 615 40 93 
194 16 383 939 80 70 
194 17 352 0 106 41 
194 18 226 953 125 86 
194 27 310 979 96 60 
195 1 500 153 118 105 
195 2 888 893 128 85 
195 3 630 363 82 125 
195 4 1024 721 65 119 
195 5 913 979 122 74 
195 6 543 798 117 74 
195 7 194 764 68 116 
195 8 151 151 65 74 
195 9 244 702 153 67 
195 10 167 79 129 83 
195 11 291 228 120 60 
195 12 141 600 80 72 
195 14 396 630 156 71 
195 15 100 613 39 92 
195 16 388 941 81 68 
195 17 349 0 108 42 
195 18 225 951 124 86 
195 27 312 978 96 61 
196 1 501 153 117 105 
196 2 888 892 128 86 
196 3 630 363 81 125 
196 4 1024 722 65 118 
196 5 913 979 122 74 
196 6 547 798 115 72 
196 7 193 764 69 117 
196 8 150 151 68 74 
196 9 245 702 150 67 
196 10 165 78 130 84 
196 11 290 228 122 60 
196 12 140 597 86 76 
196 14 395 630 157 72 
196 15 99 612 40 90 
196 16 389 941 85 70 
196 17 348 0 109 42 
196 18 224 949 123 85 
196 27 314 977 99 61 
197 1 501 153 117 105 
197 2 890 892 126 85 
197 3 630 363 81 125 
197 4 1024 721 65 119 
197 5 913 979 122 73 
197 6 551 797 115 72 
197 7 193 764 69 117 
197 8 150 152 69 72 
197 9 246 702 148 66 
197 10 162 76 131 86 
197 11 291 229 121 60 
197 12 141 597 87 75 
197 14 394 629 158 75 
197 15 99 609 40 90 
197 16 393 942 88 70 
197 17 346 0 109 43 
197 18 220 944 122 86 
197 27 315 977 96 60 
198 1 500 153 117 105 
198 2 890 892 126 85 
198 3 631 364 80 124 
198 4 1024 721 65 120 
198 5 913 979 121 73 
198 6 555 795 115 73 
198 7 193 766 69 115 
198 8 150 154 71 70 
198 9 247 702 147 66 
198 10 160 75 130 86 
198 11 287 229 126 61 
198 12 142 597 89 75 
198 14 395 629 156 75 
198 15 99 607 40 89 
198 16 401 945 88 67 
198 17 344 0 108 44 
198 18 216 941 120 85 
198 27 317 977 97 60 
199 1 501 153 116 105 
199 2 891 892 125 85 
199 3 631 364 79 124 
199 4 1024 721 65 120 
199 5 913 979 121 73 
199 6 557 793 115 74 
199 7 193 767 68 115 
199 8 149 156 72 68 
199 9 247 701 146 67 
199 10 158 74 131 87 
199 11 288 230 124 60 
199 12 143 597 90 75 
199 14 394 629 159 79 
199 15 98 604 42 90 
199 16 403 945 93 69 
199 17 342 0 109 44 
199 18 214 939 121 87 
199 27 320 976 96 60 
200 1 502 154 115 104 
200 2 891 892 125 85 
200 3 631 364 79 124 
200 4 1024 721 65 120 
200 5 913 979 121 73 
200 6 559 791 116 75 
200 7 192 769 68 114 
200 8 149 156 74 68 
200 9 247 701 145 68 
200 10 155 73 132 87 
200 11 288 231 123 60 
200 12 143 598 91 75 
200 14 394 629 161 81 
200 15 98 602 42 90 
200 16 409 947 92 67 
200 17 336 0 112 45 
200 18 211 937 119 86 
200 27 325 976 95 58 
201 1 501 154 116 104 
201 2 892 892 123 85 
201 3 631 364 79 124 
201 4 1024 720 65 122 
201 5 913 979 121 72 
201 6 562 789 116 75 
201 7 192 772 68 111 
201 8 150 158 74 66 
201 9 236 697 158 76 
201 10 153 71 132 89 
201 11 286 231 127 61 
201 12 141 598 94 76 
201 14 395 629 157 81 
201 15 97 600 45 93 
201 16 416 949 90 63 
201 17 331 0 112 45 
201 18 210 936 114 82 
201 25 900 897 121 151 
201 27 330 977 95 56 
202 1 501 154 116 104 
202 2 893 892 122 84 
202 3 631 364 79 124 
202 4 1024 722 64 120 
202 5 913 980 120 71 
202 6 565 788 115 75 
202 7 192 773 67 110 
202 8 150 159 77 66 
202 9 231 695 161 79 
202 10 151 70 133 89 
202 11 285 231 128 61 
202 12 141 596 95 77 
202 14 392 627 158 83 
202 15 97 598 46 96 
202 16 419 950 91 62 
202 17 328 0 111 45 
202 18 210 934 111 81 
202 25 901 896 120 151 
202 27 335 977 96 56 
203 1 501 154 116 104 
203 2 893 892 122 84 
203 3 631 364 79 125 
203 4 1024 722 64 120 
203 5 913 980 121 71 
203 6 566 787 115 76 
203 7 191 774 68 110 
203 8 149 159 79 67 
203 9 228 694 159 81 
203 10 151 70 132 90 
203 11 286 233 125 60 
203 12 142 597 95 76 
203 14 393 625 155 84 
203 15 97 597 47 97 
203 16 422 951 92 61 
203 17 327 0 110 45 
203 18 210 933 109 79 
203 27 339 978 95 54 
204 1 501 154 116 104 
204 2 893 892 122 84 
204 3 631 363 78 126 
204 4 1024 722 64 119 
204 5 914 980 121 71 
204 6 568 786 114 75 
204 7 189 776 69 110 
204 8 149 161 80 66 
204 9 226 697 150 78 
204 10 149 69 132 90 
204 11 284 232 129 61 
204 12 143 598 94 74 
204 14 392 623 153 84 
204 15 97 595 48 100 
204 16 425 952 94 60 
204 17 323 0 111 45 
204 18 208 931 108 79 
204 27 343 980 95 53 
205 1 500 153 117 105 
205 2 894 892 122 84 
205 3 631 362 78 127 
205 4 1024 721 64 120 
205 5 914 980 121 71 
205 6 572 783 113 75 
205 7 185 778 69 109 
205 8 148 162 83 65 
205 9 219 701 145 77 
205 10 145 68 133 91 
205 11 284 233 128 61 
205 12 144 598 94 73 
205 14 392 622 150 84 
205 15 97 593 49 102 
205 16 435 954 89 56 
205 17 316 0 116 48 
205 18 205 928 108 77 
205 27 355 982 94 53 
206 1 500 153 116 105 
206 2 893 891 122 85 
206 3 631 362 77 128 
206 4 1024 721 64 120 
206 5 913 980 122 71 
206 6 577 783 110 73 
206 7 184 781 68 105 
206 8 147 162 84 66 
206 9 213 703 146 78 
206 10 143 67 133 91 
206 11 283 234 128 61 
206 12 144 600 94 71 
206 14 392 621 150 86 
206 15 97 591 49 105 
206 16 442 957 84 51 
206 17 315 0 114 47 
206 18 202 925 108 76 
206 27 361 982 93 52 
207 1 500 153 116 105 
207 2 894 891 122 85 
207 3 631 362 77 128 
207 4 1024 721 64 120 
207 5 913 980 122 71 
207 6 582 780 110 74 
207 7 183 789 66 96 
207 8 146 163 86 65 
207 9 209 705 143 78 
207 10 141 66 133 92 
207 11 284 234 126 61 
207 12 145 600 94 71 
207 14 392 621 149 86 
207 15 96 589 51 108 
207 16 447 958 82 49 
207 17 312 0 114 47 
207 18 202 923 104 74 
207 27 364 983 96 52 
208 1 500 153 116 105 
208 2 894 891 121 85 
208 3 631 362 76 128 
208 4 1024 721 64 120 
208 5 913 980 122 71 
208 6 589 780 107 71 
208 7 182 794 66 92 
208 8 145 163 88 66 
208 9 204 707 143 79 
208 10 140 66 133 92 
208 11 283 235 127 60 
208 12 145 600 96 70 
208 14 392 620 148 88 
208 15 97 588 50 110 
208 16 448 959 84 48 
208 17 309 0 115 47 
208 18 199 921 105 73 
208 27 368 984 97 51 
209 1 501 153 115 105 
209 2 895 891 120 85 
209 3 632 362 75 128 
209 4 1024 721 64 120 
209 5 914 980 121 71 
209 6 594 780 105 70 
209 7 180 797 68 89 
209 8 145 164 89 66 
209 9 201 708 141 80 
209 10 139 66 133 92 
209 11 284 235 126 61 
209 12 145 600 96 70 
209 14 392 619 147 90 
209 15 97 587 51 111 
209 16 449 960 86 48 
209 17 306 0 117 48 
209 18 197 920 107 74 
209 27 370 984 99 52 
210 1 500 153 116 105 
210 2 895 890 120 86 
210 3 632 362 76 129 
210 4 1024 721 64 120 
210 5 914 980 121 70 
210 6 599 779 104 70 
210 7 178 802 69 84 
210 8 145 165 90 65 
210 9 194 710 142 82 
210 10 138 65 133 93 
210 11 283 235 128 61 
210 12 147 600 95 68 
210 14 393 619 145 90 
210 15 98 587 50 110 
210 16 452 961 90 49 
210 17 304 0 117 49 
210 18 196 920 104 71 
210 27 379 987 94 49 
211 1 501 153 115 105 
211 2 895 890 121 85 
211 3 632 362 76 129 
211 4 1024 721 63 120 
211 5 913 980 123 70 
211 6 605 772 107 73 
211 7 173 805 72 84 
211 8 145 166 93 66 
211 9 186 714 139 83 
211 10 137 65 133 92 
211 11 285 236 126 61 
211 12 148 600 96 68 
211 14 392 617 146 92 
211 15 99 585 49 112 
211 16 459 963 87 47 
211 17 301 0 117 49 
211 18 192 918 106 70 
211 27 388 990 91 47 
212 1 501 153 115 105 
212 2 895 888 122 87 
212 3 632 362 75 130 
212 4 1024 721 63 120 
212 5 914 980 121 69 
212 6 611 769 107 72 
212 7 169 806 76 85 
212 8 146 167 93 65 
212 9 179 720 136 82 
212 10 136 64 132 92 
212 11 286 237 124 60 
212 12 148 601 98 67 
212 14 391 616 145 94 
212 15 100 585 48 110 
212 16 464 965 86 45 
212 17 298 0 117 49 
212 18 188 916 107 72 
212 27 397 993 89 45 
213 1 501 153 115 105 
213 2 894 887 123 88 
213 3 633 361 74 131 
213 4 1024 721 63 120 
213 5 914 980 121 69 
213 6 616 767 105 72 
213 7 166 808 79 84 
213 8 145 168 95 65 
213 9 175 722 135 82 
213 10 135 64 132 92 
213 11 285 237 125 60 
213 12 148 601 99 67 
213 14 391 615 145 95 
213 15 101 585 47 109 
213 16 467 967 86 43 
213 17 296 0 117 49 
213 18 186 915 107 70 
213 27 400 994 90 44 
214 1 501 153 115 105 
214 2 895 886 123 88 
214 3 633 361 74 131 
214 4 1024 721 63 119 
214 5 914 980 121 68 
214 6 618 766 106 72 
214 7 164 809 82 85 
214 8 144 168 96 65 
214 9 172 724 133 83 
214 10 134 64 131 92 
214 11 286 237 125 60 
214 12 148 601 100 67 
214 14 390 614 145 98 
214 15 102 585 47 110 
214 16 470 967 89 44 
214 17 293 0 117 49 
214 18 183 913 111 73 
214 27 405 995 89 44 
215 1 501 153 115 105 
215 2 895 886 123 88 
215 3 633 361 73 131 
215 4 1024 721 62 119 
215 5 913 980 122 68 
215 6 624 764 105 72 
215 7 161 809 86 87 
215 8 145 169 96 64 
215 9 165 724 137 87 
215 10 134 64 130 91 
215 11 287 238 124 59 
215 12 148 601 100 67 
215 14 390 614 145 99 
215 15 104 587 45 107 
215 16 473 968 92 44 
215 17 290 0 117 49 
215 18 180 912 114 74 
215 27 407 995 92 45 
216 1 501 154 115 104 
216 2 896 886 122 89 
216 3 632 361 75 133 
216 4 1022 720 64 123 
216 5 914 980 122 68 
216 6 632 761 106 72 
216 7 157 810 89 89 
216 8 149 170 92 60 
216 9 157 726 139 89 
216 10 134 65 125 88 
216 11 287 239 127 60 
216 12 149 600 99 66 
216 14 388 613 146 102 
216 15 105 584 45 110 
216 16 476 969 97 46 
216 17 285 0 118 49 
216 18 180 912 112 72 
216 27 416 998 91 44 
217 1 502 155 114 103 
217 2 897 886 122 89 
217 3 632 361 73 134 
217 4 1022 720 64 124 
217 5 913 980 125 70 
217 6 634 759 108 73 
217 7 155 810 91 91 
217 8 149 171 92 57 
217 9 154 726 138 91 
217 10 134 65 123 87 
217 11 287 239 128 60 
217 12 148 600 100 66 
217 14 388 612 144 103 
217 15 106 583 45 111 
217 16 477 969 100 47 
217 17 282 0 119 50 
217 18 177 909 118 76 
217 27 420 1000 91 43 
218 1 502 155 114 103 
218 2 898 888 120 88 
218 3 632 360 73 135 
218 4 1021 719 65 126 
218 5 912 980 126 70 
218 6 636 757 109 75 
218 7 153 812 92 89 
218 8 150 171 94 57 
218 9 153 727 135 91 
218 10 134 65 123 86 
218 11 286 239 129 61 
218 12 147 599 100 66 
218 14 390 611 141 104 
218 15 106 580 45 112 
218 16 478 970 101 47 
218 17 281 0 119 51 
218 18 179 910 112 72 
218 27 420 1000 92 44 
219 1 502 156 114 102 
219 2 897 887 122 89 
219 3 632 360 72 134 
219 4 1021 719 65 127 
219 5 912 980 126 70 
219 6 640 755 110 75 
219 7 150 812 95 91 
219 8 150 172 96 57 
219 9 149 729 134 92 
219 10 133 65 124 87 
219 11 284 239 131 62 
219 12 145 598 100 66 
219 14 391 611 139 104 
219 15 106 578 45 113 
219 16 477 969 107 50 
219 17 276 0 123 53 
219 18 177 912 108 68 
219 27 420 1000 98 47 
220 1 502 156 114 102 
220 2 897 887 122 89 
220 3 632 360 72 134 
220 4 1021 718 65 129 
220 5 912 980 126 71 
220 6 645 753 110 75 
220 7 149 813 95 90 
220 8 150 172 97 57 
220 9 145 731 132 92 
220 10 133 65 125 87 
220 11 284 240 130 61 
220 12 143 599 99 65 
220 14 391 610 138 105 
220 15 108 576 44 114 
220 16 479 970 108 50 
220 17 272 0 125 54 
220 18 177 913 104 65 
220 27 421 999 106 51 
221 1 503 156 113 102 
221 2 899 889 118 88 
221 3 632 360 72 135 
221 4 1020 718 66 131 
221 5 911 980 127 71 
221 6 652 750 110 74 
221 7 147 814 96 91 
221 8 150 174 97 55 
221 9 142 734 130 92 
221 10 132 65 125 87 
221 11 283 240 131 61 
221 12 141 599 100 65 
221 14 391 610 136 105 
221 15 108 573 44 114 
221 16 480 971 112 51 
221 17 269 0 124 55 
221 18 179 915 99 60 
221 27 428 1000 110 53 
222 1 503 156 112 102 
222 2 899 887 119 89 
222 3 633 360 71 135 
222 4 1021 717 65 131 
222 5 911 980 126 71 
222 6 657 748 110 74 
222 7 145 815 97 91 
222 8 150 175 97 54 
222 9 142 735 128 92 
222 10 132 66 123 86 
222 11 282 240 132 62 
222 12 140 598 101 65 
222 14 392 610 135 106 
222 15 109 572 42 113 
222 16 480 970 114 53 
222 17 271 0 120 53 
222 18 178 914 99 59 
222 27 435 1000 109 52 
223 1 503 156 112 102 
223 2 899 887 117 88 
223 3 633 360 70 135 
223 4 1022 718 64 129 
223 5 911 980 126 70 
223 6 662 746 109 74 
223 7 144 816 97 90 
223 8 150 176 98 54 
223 9 141 736 126 93 
223 10 131 66 124 86 
223 11 282 240 132 62 
223 12 139 595 105 67 
223 14 393 610 134 107 
223 15 110 570 42 113 
223 16 482 971 116 53 
223 17 269 0 120 53 
223 18 179 914 97 56 
223 27 437 999 112 54 
224 1 503 156 112 102 
224 2 900 887 115 87 
224 3 633 360 70 135 
224 4 1022 718 64 128 
224 5 911 980 126 70 
224 6 665 744 111 75 
224 7 141 815 100 92 
224 8 150 177 100 53 
224 9 140 736 126 95 
224 10 131 66 124 86 
224 11 282 240 131 62 
224 12 138 593 107 69 
224 14 392 609 134 108 
224 15 111 568 41 114 
224 16 483 971 119 54 
224 17 267 0 122 54 
224 18 178 915 97 54 
224 27 445 1003 110 52 
225 1 503 156 111 101 
225 2 901 886 114 88 
225 3 634 359 68 136 
225 4 1022 719 63 127 
225 5 912 980 126 70 
225 6 670 742 112 75 
225 7 140 817 99 92 
225 8 152 178 98 52 
225 9 140 738 124 95 
225 10 131 68 123 84 
225 11 283 241 129 61 
225 12 137 591 110 71 
225 14 392 608 133 110 
225 15 112 566 41 115 
225 16 488 972 120 55 
225 17 264 0 122 55 
225 18 176 914 100 54 
225 27 452 1006 108 50 
226 1 503 156 111 101 
226 2 901 886 114 89 
226 3 634 359 68 136 
226 4 1022 719 64 128 
226 5 911 980 127 70 
226 6 674 740 113 76 
226 7 139 818 101 92 
226 8 151 179 102 53 
226 9 139 740 122 94 
226 10 135 72 120 82 
226 11 284 242 127 60 
226 12 136 589 110 72 
226 14 393 608 130 109 
226 15 113 564 39 115 
226 16 493 971 120 55 
226 17 260 0 126 58 
226 18 174 914 101 53 
226 27 458 1007 108 51 
227 1 503 156 111 101 
227 2 901 886 114 89 
227 3 634 359 68 136 
227 4 1021 718 65 129 
227 5 911 980 126 70 
227 6 675 739 115 77 
227 7 139 818 101 93 
227 8 151 180 103 52 
227 9 138 742 119 92 
227 10 137 75 118 79 
227 11 284 243 126 59 
227 12 136 588 109 71 
227 14 393 608 128 108 
227 15 114 564 38 114 
227 16 495 971 121 55 
227 17 259 0 126 58 
227 18 172 915 102 52 
227 27 462 1008 107 50 
228 1 503 156 111 102 
228 2 901 885 113 90 
228 3 634 359 68 136 
228 4 1021 717 65 131 
228 5 910 980 127 70 
228 6 677 739 114 76 
228 7 138 818 102 93 
228 8 150 181 105 52 
228 9 138 742 118 93 
228 10 136 76 118 78 
228 11 283 243 128 59 
228 12 136 588 108 70 
228 14 394 607 126 109 
228 15 114 563 38 114 
228 16 497 970 123 57 
228 17 258 0 126 59 
228 18 170 914 106 53 
228 27 464 1008 109 50 
229 1 503 155 112 104 
229 2 902 884 111 91 
229 3 635 359 67 136 
229 4 1021 716 65 132 
229 5 911 981 125 68 
229 6 679 737 116 77 
229 7 138 818 103 94 
229 8 151 182 104 51 
229 9 136 745 115 92 
229 10 135 76 116 77 
229 11 283 243 127 60 
229 12 135 587 109 71 
229 14 394 607 124 109 
229 15 114 562 36 112 
229 16 499 971 125 56 
229 17 256 0 127 60 
229 18 167 914 110 54 
229 27 466 1009 111 50 
230 1 503 155 111 104 
230 2 903 884 109 91 
230 3 635 359 67 136 
230 4 1020 716 66 132 
230 5 909 980 128 69 
230 6 685 735 115 77 
230 7 138 819 103 94 
230 8 151 183 105 50 
230 9 134 749 111 90 
230 10 138 77 114 75 
230 11 282 244 129 59 
230 12 133 586 109 72 
230 14 394 606 124 111 
230 15 114 559 36 114 
230 16 505 973 124 56 
230 17 255 0 126 60 
230 18 163 913 114 56 
230 27 473 1010 108 49 
231 1 503 155 111 104 
231 2 904 884 107 90 
231 3 635 360 66 135 
231 4 1020 715 65 134 
231 5 909 980 127 69 
231 6 686 733 117 79 
231 7 138 819 103 96 
231 8 150 184 107 50 
231 9 133 751 109 89 
231 10 139 77 114 75 
231 11 282 244 130 60 
231 12 133 585 109 72 
231 14 395 606 122 111 
231 15 115 557 35 115 
231 16 507 973 124 56 
231 17 254 0 126 61 
231 18 161 912 116 58 
231 27 474 1010 117 53 
232 1 503 154 111 105 
232 2 904 884 107 90 
232 3 635 360 66 135 
232 4 1020 715 65 134 
232 5 909 980 126 69 
232 6 688 733 116 79 
232 7 137 818 104 98 
232 8 150 185 107 49 
232 9 133 752 107 88 
232 10 141 77 114 74 
232 11 282 244 130 61 
232 12 134 585 108 72 
232 14 396 606 121 112 
232 15 115 556 36 115 
232 16 508 973 125 57 
232 17 253 0 126 61 
232 18 159 912 119 59 
232 25 903 892 117 154 
232 27 478 1010 117 53 
233 1 504 154 110 105 
233 2 905 884 105 90 
233 3 635 360 66 135 
233 4 1019 715 66 135 
233 5 908 980 128 70 
233 6 690 731 117 80 
233 7 136 819 105 98 
233 8 148 184 109 50 
233 9 132 753 106 89 
233 10 142 76 114 74 
233 11 282 244 130 61 
233 12 134 584 108 73 
233 14 396 606 120 112 
233 15 116 554 35 118 
233 16 511 973 125 57 
233 17 252 0 126 61 
233 18 158 912 121 60 
233 25 906 891 112 155 
233 27 481 1010 117 53 
234 1 504 154 110 105 
234 2 906 884 105 91 
234 3 635 361 65 133 
234 4 1019 714 65 137 
234 5 909 980 128 70 
234 6 693 730 118 81 
234 7 135 819 106 99 
234 8 147 184 111 50 
234 9 131 754 106 90 
234 10 142 76 115 73 
234 11 283 245 128 60 
234 12 133 583 109 73 
234 14 397 606 118 112 
234 15 117 553 35 119 
234 16 512 973 128 58 
234 17 250 0 127 61 
234 18 152 910 132 66 
234 25 906 891 112 155 
234 27 483 1009 120 55 
235 1 504 154 110 106 
235 2 906 883 104 92 
235 3 636 361 64 133 
235 4 1018 714 66 138 
235 5 907 980 128 69 
235 6 697 729 118 81 
235 7 134 819 106 101 
235 8 147 185 112 49 
235 9 130 755 103 90 
235 10 142 77 114 72 
235 11 284 246 128 59 
235 12 133 581 110 74 
235 14 397 606 118 113 
235 15 118 552 34 117 
235 16 513 971 134 62 
235 17 248 0 127 62 
235 18 146 908 141 73 
235 27 492 1013 113 51 
236 1 504 154 110 106 
236 2 907 883 103 92 
236 3 636 361 64 133 
236 4 1018 714 66 139 
236 5 904 978 133 73 
236 6 701 727 117 82 
236 7 133 821 105 100 
236 8 146 185 114 50 
236 9 128 756 103 91 
236 10 141 78 116 73 
236 11 285 247 127 58 
236 12 134 581 109 74 
236 14 398 606 117 114 
236 15 119 547 34 117 
236 16 525 973 128 59 
236 17 247 0 127 62 
236 18 142 907 146 78 
236 27 501 1015 112 51 
237 1 505 154 108 106 
237 2 907 882 102 93 
237 3 635 361 65 133 
237 4 1018 714 66 140 
237 5 904 978 131 73 
237 6 706 727 115 80 
237 7 129 820 107 103 
237 8 145 185 116 51 
237 9 125 758 103 92 
237 10 140 78 116 73 
237 11 285 247 127 58 
237 12 135 582 107 73 
237 14 398 606 116 114 
237 15 120 544 34 114 
237 16 531 973 128 59 
237 17 247 0 127 62 
237 18 139 906 149 83 
237 27 508 1013 117 54 
238 1 505 155 107 104 
238 2 907 882 102 93 
238 3 637 361 63 132 
238 4 1018 715 65 138 
238 5 904 978 129 71 
238 6 709 725 115 80 
238 7 128 821 107 104 
238 8 144 186 116 51 
238 9 123 760 104 93 
238 10 139 80 115 71 
238 11 286 247 126 58 
238 12 134 582 108 74 
238 14 398 606 116 116 
238 15 122 543 32 111 
238 16 533 973 128 58 
238 17 246 0 127 62 
238 18 138 906 150 86 
238 27 515 1014 115 53 
239 1 505 155 107 104 
239 2 907 882 102 93 
239 3 636 360 63 133 
239 4 1018 715 65 139 
239 5 903 978 131 73 
239 6 714 723 114 80 
239 7 127 821 107 105 
239 8 142 186 118 51 
239 9 120 762 103 93 
239 10 139 82 114 70 
239 11 284 248 129 58 
239 12 133 581 110 75 
239 14 398 606 116 117 
239 15 122 542 33 113 
239 16 538 972 130 61 
239 17 245 0 128 63 
239 18 135 904 153 91 
239 27 529 1020 103 46 
240 1 505 155 107 104 
240 2 908 881 100 94 
240 3 636 361 63 132 
240 4 1019 716 63 138 
240 5 901 976 134 75 
240 6 715 721 115 81 
240 7 127 821 107 106 
240 8 140 185 122 53 
240 9 119 762 102 95 
240 10 139 83 113 70 
240 11 284 248 129 58 
240 12 133 580 111 77 
240 14 399 606 114 117 
240 15 121 536 35 119 
240 16 543 971 130 61 
240 17 245 0 127 63 
240 18 136 903 151 94 
240 27 536 1022 100 45 
241 1 505 155 107 104 
241 2 909 881 98 94 
241 3 636 361 63 132 
241 4 1019 716 63 138 
241 5 902 976 133 75 
241 6 717 720 115 81 
241 7 127 821 106 107 
241 8 140 185 122 54 
241 9 118 762 102 97 
241 10 139 84 113 69 
241 11 285 248 128 58 
241 12 133 579 111 78 
241 14 399 606 113 117 
241 15 122 537 34 117 
241 16 549 972 128 61 
241 17 245 0 127 63 
241 18 140 904 145 93 
241 27 539 1023 101 44 
242 1 505 154 107 104 
242 2 910 881 98 94 
242 3 636 361 63 132 
242 4 1019 717 63 137 
242 5 903 975 132 76 
242 6 718 719 115 82 
242 7 128 821 105 107 
242 8 141 186 122 53 
242 9 117 763 101 96 
242 10 138 84 114 69 
242 11 284 248 129 58 
242 12 134 579 111 79 
242 14 400 606 112 118 
242 15 122 537 34 115 
242 16 556 974 122 58 
242 17 245 0 127 63 
242 18 141 904 142 95 
242 27 543 1023 102 44 
243 1 506 154 106 104 
243 2 910 880 97 95 
243 3 637 361 61 132 
243 4 1019 718 62 137 
243 5 903 975 132 76 
243 6 721 718 115 82 
243 7 127 823 104 106 
243 8 140 186 124 54 
243 9 116 764 100 97 
243 10 138 85 113 68 
243 11 284 247 130 60 
243 12 134 579 112 79 
243 14 400 607 111 117 
243 15 122 534 34 117 
243 16 565 976 119 56 
243 17 244 0 128 63 
243 18 142 904 138 96 
243 27 551 1024 103 43 
244 1 506 154 106 104 
244 2 911 880 96 96 
244 3 636 361 63 133 
244 4 1020 718 61 138 
244 5 903 974 132 77 
244 6 724 717 114 82 
244 7 127 823 103 107 
244 8 141 187 123 54 
244 9 115 767 97 95 
244 10 139 85 113 68 
244 11 285 247 129 60 
244 12 135 579 110 79 
244 14 402 607 109 117 
244 15 122 535 34 115 
244 16 573 977 116 55 
244 17 244 0 128 64 
244 18 142 904 137 99 
244 27 556 1023 107 44 
245 1 506 154 106 104 
245 2 910 879 97 98 
245 3 637 361 62 133 
245 4 1019 719 62 138 
245 5 905 977 127 74 
245 6 727 715 115 83 
245 7 126 824 103 108 
245 8 142 188 122 53 
245 9 112 768 99 97 
245 10 141 86 112 67 
245 11 285 248 128 59 
245 12 138 580 105 76 
245 14 402 607 108 117 
245 15 122 532 34 118 
245 16 582 979 110 51 
245 17 243 0 128 64 
245 18 141 902 138 105 
245 27 564 1021 109 46 
246 1 506 154 107 105 
246 2 911 879 95 97 
246 3 637 361 61 132 
246 4 1020 719 60 138 
246 5 903 975 131 77 
246 6 728 713 117 85 
246 7 127 826 102 107 
246 8 142 188 123 53 
246 9 111 768 98 99 
246 10 140 87 113 67 
246 11 285 248 129 59 
246 12 139 580 104 75 
246 14 402 607 108 117 
246 15 122 531 34 116 
246 16 590 978 111 52 
246 17 243 0 128 64 
246 18 140 901 138 111 
246 27 571 1022 110 45 
247 1 506 154 107 105 
247 2 912 878 93 98 
247 3 637 361 61 132 
247 4 1019 717 61 139 
247 5 902 974 134 80 
247 6 730 710 118 86 
247 7 127 827 101 108 
247 8 141 187 125 55 
247 9 110 769 97 98 
247 10 139 87 115 68 
247 11 285 248 130 59 
247 12 139 580 105 75 
247 14 403 607 107 117 
247 15 123 529 34 116 
247 16 596 978 112 52 
247 17 243 0 127 63 
247 18 140 901 137 117 
247 27 577 1022 112 46 
248 1 507 154 106 105 
248 2 912 878 93 98 
248 3 637 361 61 132 
248 4 1019 716 61 140 
248 5 901 973 136 82 
248 6 732 709 117 86 
248 7 128 828 100 108 
248 8 142 187 124 54 
248 9 111 770 94 97 
248 10 140 86 115 69 
248 11 285 248 129 59 
248 12 139 579 106 76 
248 14 403 608 107 117 
248 15 123 530 34 112 
248 16 600 978 113 53 
248 17 242 0 128 63 
248 18 141 901 135 120 
248 27 583 1022 112 47 
249 1 507 154 105 105 
249 2 913 877 92 99 
249 3 638 361 60 132 
249 4 1019 716 61 139 
249 5 902 972 134 83 
249 6 732 708 117 87 
249 7 129 829 99 107 
249 8 141 187 124 54 
249 9 112 773 91 95 
249 10 140 87 121 71 
249 11 285 248 130 59 
249 12 139 579 106 77 
249 14 404 608 105 117 
249 15 123 526 34 115 
249 16 603 979 113 53 
249 17 241 0 130 65 
249 18 144 901 130 122 
249 27 587 1023 112 46 
250 1 507 155 106 104 
250 2 914 877 91 99 
250 3 638 363 60 130 
250 4 1019 715 61 139 
250 5 904 971 132 82 
250 6 733 708 117 87 
250 7 131 829 99 108 
250 8 136 186 130 57 
250 9 112 779 88 92 
250 10 137 88 124 73 
250 11 284 248 132 60 
250 12 140 581 104 75 
250 14 404 609 106 116 
250 15 125 521 36 120 
250 16 609 979 113 53 
250 17 240 0 130 65 
250 18 147 905 125 123 
250 27 592 1024 114 47 
251 1 507 155 106 104 
251 2 914 876 90 100 
251 3 639 363 58 129 
251 4 1019 715 60 139 
251 5 904 970 130 83 
251 6 733 708 116 87 
251 7 132 830 99 108 
251 8 130 185 136 61 
251 9 108 780 90 96 
251 10 135 90 125 74 
251 11 284 249 130 59 
251 12 139 581 106 76 
251 14 404 609 106 117 
251 15 126 517 35 118 
251 16 613 979 113 53 
251 17 240 0 130 66 
251 18 149 906 120 124 
251 27 599 1023 114 47 
252 1 506 155 107 105 
252 2 915 876 89 100 
252 3 638 363 59 129 
252 4 1019 717 60 138 
252 5 906 972 125 80 
252 6 734 709 114 86 
252 7 133 831 98 108 
252 8 125 183 143 66 
252 9 104 781 92 99 
252 10 134 91 127 75 
252 11 284 250 130 59 
252 12 141 581 104 76 
252 14 404 609 105 117 
252 15 125 512 36 119 
252 16 620 977 117 55 
252 17 238 0 131 66 
252 18 153 907 113 122 
252 27 609 1024 113 47 
253 1 506 155 107 105 
253 2 916 877 88 100 
253 3 639 363 58 129 
253 4 1019 717 60 138 
253 5 907 973 123 80 
253 6 733 710 115 86 
253 7 133 831 98 109 
253 8 123 183 144 67 
253 9 102 781 92 101 
253 10 133 92 129 76 
253 11 284 250 130 60 
253 12 142 582 104 75 
253 14 405 609 104 117 
253 15 124 508 37 122 
253 16 624 976 117 56 
253 17 237 0 130 66 
253 18 155 907 108 123 
253 27 614 1025 113 46 
254 1 506 155 108 105 
254 2 916 875 88 103 
254 3 639 364 58 128 
254 4 1019 717 59 139 
254 5 908 973 124 82 
254 6 733 711 115 87 
254 7 133 833 97 108 
254 8 120 182 143 69 
254 9 99 783 93 104 
254 10 130 92 133 80 
254 11 283 251 132 59 
254 12 143 583 102 74 
254 14 405 609 103 117 
254 15 125 502 38 122 
254 16 631 975 117 56 
254 17 237 0 130 66 
254 18 159 909 101 121 
254 27 623 1025 114 47 
255 1 505 155 109 105 
255 2 917 875 87 103 
255 3 639 364 57 128 
255 4 1020 717 59 139 
255 5 906 971 127 84 
255 6 732 711 115 87 
255 7 133 833 97 111 
255 8 116 182 144 70 
255 9 97 786 93 107 
255 10 127 93 137 83 
255 11 283 251 132 60 
255 12 143 584 102 72 
255 14 405 610 103 116 
255 15 126 494 38 124 
255 16 638 975 114 54 
255 17 237 0 129 66 
255 18 161 911 97 119 
255 27 627 1026 114 47 
256 1 506 154 108 106 
256 2 918 874 85 104 
256 3 639 364 57 129 
256 4 1020 716 59 140 
256 5 905 970 129 86 
256 6 732 712 114 86 
256 7 133 833 96 112 
256 8 115 182 143 71 
256 9 96 788 92 110 
256 10 126 93 137 85 
256 11 284 251 130 60 
256 12 143 583 103 73 
256 14 406 610 102 116 
256 15 127 490 38 124 
256 16 643 974 112 53 
256 17 235 0 132 67 
256 18 163 913 93 118 
256 27 630 1026 115 47 
257 1 506 154 108 106 
257 2 919 874 85 104 
257 3 639 364 57 129 
257 4 1020 717 58 140 
257 5 906 970 127 85 
257 6 733 711 114 87 
257 7 134 833 94 111 
257 8 114 182 141 71 
257 9 96 790 91 111 
257 10 125 93 138 86 
257 11 283 251 132 60 
257 12 143 582 105 74 
257 14 405 609 103 117 
257 15 128 486 38 124 
257 16 647 974 110 52 
257 17 235 0 131 67 
257 18 165 915 89 117 
257 27 631 1025 117 49 
258 1 507 154 107 106 
258 2 921 873 84 104 
258 3 639 364 58 129 
258 4 1020 717 58 140 
258 5 907 969 124 85 
258 6 733 711 114 87 
258 7 136 833 91 109 
258 8 114 183 140 71 
258 9 96 793 89 111 
258 10 125 94 138 88 
258 11 283 251 132 60 
258 12 144 583 103 72 
258 14 406 609 102 117 
258 15 129 481 38 124 
258 16 656 971 107 51 
258 17 235 0 130 66 
258 18 167 920 84 112 
258 27 632 1022 120 50 
259 1 506 154 108 106 
259 2 922 874 82 103 
259 3 639 363 58 130 
259 4 1021 717 56 139 
259 5 909 971 120 82 
259 6 733 711 114 87 
259 7 138 833 91 110 
259 8 116 185 135 70 
259 9 96 797 88 111 
259 10 126 98 133 86 
259 11 284 252 129 58 
259 12 146 584 102 71 
259 14 405 609 102 118 
259 15 130 474 39 126 
259 16 668 971 105 49 
259 17 235 0 129 66 
259 18 168 924 77 105 
259 27 642 1021 117 50 
260 1 506 154 108 106 
260 2 922 874 82 103 
260 3 640 363 58 130 
260 4 1020 716 57 141 
260 5 910 972 119 82 
260 6 733 712 113 86 
260 7 140 836 90 112 
260 8 119 187 132 69 
260 9 93 802 90 117 
260 10 124 101 133 88 
260 11 285 252 128 58 
260 12 148 585 101 70 
260 14 405 609 102 118 
260 15 131 466 40 130 
260 16 675 969 106 50 
260 17 233 0 131 67 
260 18 171 926 72 101 
260 27 654 1021 118 51 
261 1 506 154 107 107 
261 2 922 873 81 105 
261 3 641 363 57 130 
261 4 1020 716 57 141 
261 5 910 972 119 83 
261 6 733 712 113 86 
261 7 140 837 90 115 
261 8 120 187 131 69 
261 9 96 807 87 116 
261 10 124 102 131 89 
261 11 285 252 128 58 
261 12 148 585 101 70 
261 14 405 609 102 118 
261 15 132 463 39 130 
261 16 678 968 108 51 
261 17 233 0 131 67 
261 18 171 926 71 99 
261 27 659 1021 120 52 
262 1 506 154 107 107 
262 2 923 873 80 105 
262 3 641 364 58 129 
262 4 1020 715 56 142 
262 5 909 971 122 84 
262 6 733 712 113 86 
262 7 139 838 90 117 
262 8 123 189 126 67 
262 9 97 811 86 118 
262 10 124 103 129 90 
262 11 286 252 127 58 
262 12 147 586 103 69 
262 14 405 609 102 118 
262 15 132 456 41 133 
262 16 682 968 108 50 
262 17 232 0 131 67 
262 18 172 926 69 99 
262 27 663 1019 123 55 
263 1 507 154 106 106 
263 2 925 872 78 104 
263 3 641 364 58 129 
263 4 1020 715 56 142 
263 5 908 968 121 86 
263 6 733 712 113 86 
263 7 139 838 89 118 
263 8 124 190 124 66 
263 9 98 819 83 117 
263 10 128 107 122 86 
263 11 285 253 129 58 
263 12 148 586 102 69 
263 14 405 609 102 119 
263 15 133 450 40 131 
263 16 687 968 107 49 
263 17 232 0 131 67 
263 18 172 927 69 99 
263 27 671 1018 124 56 
264 1 507 154 106 106 
264 2 928 871 76 103 
264 3 641 364 58 130 
264 4 1020 715 56 143 
264 5 908 968 120 85 
264 6 732 711 115 88 
264 7 141 843 85 115 
264 8 124 191 124 66 
264 9 97 826 83 119 
264 10 129 108 120 87 
264 11 286 253 128 58 
264 12 145 584 104 71 
264 14 406 609 101 119 
264 15 134 447 39 126 
264 16 693 968 105 49 
264 17 231 0 130 67 
264 18 173 928 67 96 
264 27 680 1018 122 56 
265 1 507 154 105 106 
265 2 929 871 75 103 
265 3 641 363 58 131 
265 4 1020 715 56 144 
265 5 909 968 118 85 
265 6 732 711 115 88 
265 7 142 844 83 116 
265 8 124 191 124 67 
265 9 98 832 81 120 
265 10 131 108 119 87 
265 11 286 254 128 58 
265 12 144 586 104 71 
265 14 406 609 102 120 
265 15 135 445 38 125 
265 16 697 968 104 48 
265 17 229 0 131 67 
265 18 173 929 67 97 
265 27 687 1018 119 55 
266 1 507 154 105 107 
266 2 930 871 74 104 
266 3 640 363 59 131 
266 4 1020 715 56 143 
266 5 910 970 115 84 
266 6 732 710 115 89 
266 7 143 845 81 115 
266 8 124 190 127 70 
266 9 101 841 79 118 
266 10 131 108 118 88 
266 11 286 253 130 59 
266 12 141 585 109 74 
266 14 407 609 101 120 
266 15 135 441 40 126 
266 16 700 967 106 49 
266 17 226 0 137 71 
266 18 172 929 68 98 
266 27 695 1017 117 56 
267 1 507 154 106 107 
267 2 930 871 74 105 
267 3 640 363 59 131 
267 4 1020 715 55 142 
267 5 912 971 113 83 
267 6 733 710 114 90 
267 7 144 845 80 117 
267 8 125 191 125 70 
267 9 102 845 79 121 
267 10 130 108 117 89 
267 11 284 253 130 59 
267 12 140 585 111 76 
267 14 407 609 100 120 
267 15 135 436 39 127 
267 16 704 966 107 49 
267 17 224 0 138 72 
267 18 173 929 67 98 
267 27 700 1018 116 56 
268 1 507 154 106 108 
268 2 931 871 74 105 
268 3 640 363 59 132 
268 4 1020 715 55 142 
268 5 913 971 113 83 
268 6 732 710 114 90 
268 7 144 844 80 120 
268 8 125 192 124 69 
268 9 104 849 78 122 
268 10 131 108 114 89 
268 11 282 254 131 60 
268 12 139 585 113 77 
268 14 407 609 100 120 
268 15 134 433 40 128 
268 16 706 965 107 50 
268 17 223 0 138 72 
268 18 173 928 67 98 
268 27 703 1018 117 56 
269 1 507 154 106 108 
269 2 931 870 73 105 
269 3 640 363 58 132 
269 4 1020 715 54 142 
269 5 913 971 114 85 
269 6 732 710 115 90 
269 7 143 845 80 120 
269 8 126 194 122 68 
269 9 107 858 74 119 
269 10 131 110 111 88 
269 11 278 252 137 64 
269 12 138 584 115 80 
269 14 406 610 100 119 
269 15 134 430 40 129 
269 16 709 965 107 50 
269 17 222 0 138 72 
269 18 173 929 67 96 
269 27 709 1016 116 58 
270 1 507 154 106 108 
270 2 931 870 73 105 
270 3 640 363 59 133 
270 4 1020 715 55 142 
270 5 911 967 117 90 
270 6 733 710 114 90 
270 7 144 846 77 119 
270 8 129 197 116 66 
270 9 107 862 74 119 
270 10 132 111 109 88 
270 11 278 252 137 65 
270 12 137 583 115 81 
270 14 406 610 100 120 
270 15 135 428 40 125 
270 16 711 964 108 51 
270 17 222 0 136 71 
270 18 174 930 64 93 
270 27 712 1015 117 59 
271 1 507 154 106 108 
271 2 931 868 73 107 
271 3 640 363 60 133 
271 4 1020 715 54 143 
271 5 908 961 123 97 
271 6 733 710 114 90 
271 7 146 848 75 117 
271 8 132 200 112 63 
271 9 110 870 70 118 
271 10 132 111 109 89 
271 11 277 248 140 68 
271 12 137 583 115 81 
271 14 405 609 100 121 
271 15 136 423 39 124 
271 16 715 964 107 50 
271 17 222 0 135 71 
271 18 174 930 65 92 
271 27 719 1015 115 59 
272 1 507 154 106 108 
272 2 931 867 74 108 
272 3 641 362 59 134 
272 4 1020 713 55 144 
272 5 908 961 125 101 
272 6 733 710 114 90 
272 7 148 849 74 118 
272 8 134 202 110 62 
272 9 112 878 69 117 
272 10 131 110 110 92 
272 11 275 244 144 73 
272 12 136 584 114 81 
272 14 405 609 100 121 
272 15 136 419 39 124 
272 16 719 963 108 51 
272 17 222 0 134 71 
272 18 174 931 65 93 
272 27 728 1015 113 59 
273 1 507 154 106 109 
273 2 931 866 74 109 
273 3 642 362 59 133 
273 4 1020 714 54 143 
273 5 908 962 123 102 
273 6 733 710 114 91 
273 7 148 849 74 119 
273 8 134 203 109 62 
273 9 113 881 69 118 
273 10 130 109 109 93 
273 11 274 240 147 77 
273 12 137 584 112 82 
273 14 406 609 100 122 
273 15 135 417 40 125 
273 16 720 963 110 51 
273 17 223 0 134 71 
273 18 172 929 70 99 
273 27 733 1015 114 59 
274 1 507 154 106 109 
274 2 931 866 74 110 
274 3 642 361 59 134 
274 4 1020 714 53 143 
274 5 909 960 122 104 
274 6 732 710 115 91 
274 7 150 850 72 119 
274 8 135 205 109 60 
274 9 114 882 69 120 
274 10 131 109 107 94 
274 11 276 239 145 78 
274 12 136 584 113 82 
274 14 406 609 100 122 
274 15 135 415 41 126 
274 16 721 962 111 52 
274 17 223 0 134 71 
274 18 171 927 73 104 
274 27 737 1014 113 60 
275 1 507 154 106 109 
275 2 931 866 74 110 
275 3 642 361 59 134 
275 4 1020 713 53 144 
275 5 910 959 120 106 
275 6 733 709 114 92 
275 7 152 852 71 118 
275 8 135 206 108 60 
275 9 116 884 68 122 
275 10 133 109 104 94 
275 11 278 238 142 79 
275 12 136 584 112 82 
275 14 406 609 99 122 
275 15 135 413 41 126 
275 16 724 963 108 50 
275 17 224 0 133 71 
275 18 170 926 77 111 
275 27 740 1012 115 62 
276 1 507 154 106 109 
276 2 932 867 73 107 
276 3 642 361 59 134 
276 4 1020 713 53 143 
276 5 912 959 117 106 
276 6 734 709 113 92 
276 7 153 855 69 117 
276 8 134 205 111 62 
276 9 118 889 67 122 
276 10 134 110 102 93 
276 11 280 237 140 80 
276 12 137 585 110 82 
276 14 406 610 99 122 
276 15 136 414 40 122 
276 16 729 963 104 48 
276 17 224 0 134 71 
276 18 171 928 75 109 
276 27 743 1008 116 64 
277 1 507 154 106 109 
277 2 934 867 71 104 
277 3 642 361 59 134 
277 4 1020 711 53 145 
277 5 914 961 113 104 
277 6 736 711 110 88 
277 7 154 856 68 118 
277 8 132 204 115 65 
277 9 120 894 66 121 
277 10 135 110 102 94 
277 11 280 235 143 85 
277 12 137 587 105 78 
277 14 406 610 99 121 
277 15 137 411 39 120 
277 16 732 963 103 48 
277 17 223 0 136 72 
277 18 173 928 74 110 
277 27 747 1005 116 65 
278 1 506 154 107 109 
278 2 936 868 69 102 
278 3 642 361 58 134 
278 4 1020 712 53 144 
278 5 915 963 110 103 
278 6 735 711 111 89 
278 7 156 856 67 119 
278 8 135 206 110 62 
278 9 122 897 64 121 
278 10 136 110 100 95 
278 11 281 233 143 88 
278 12 137 588 103 77 
278 14 406 610 99 121 
278 15 137 410 39 119 
278 16 734 964 103 46 
278 17 223 0 135 72 
278 18 175 928 73 110 
278 27 749 1004 114 65 
279 1 506 153 107 110 
279 2 936 868 69 101 
279 3 642 361 59 134 
279 4 1020 712 53 144 
279 5 915 964 110 102 
279 6 736 712 109 87 
279 7 158 857 65 117 
279 8 135 207 109 62 
279 9 123 898 63 121 
279 10 137 111 99 94 
279 11 282 232 141 90 
279 12 136 589 102 75 
279 14 406 610 98 121 
279 15 138 409 38 118 
279 16 734 964 104 46 
279 17 224 0 133 72 
279 18 177 930 71 109 
279 27 751 1002 113 66 
280 1 506 153 107 110 
280 2 935 869 70 103 
280 3 642 361 59 134 
280 4 1020 712 53 144 
280 5 914 962 110 104 
280 6 736 712 109 87 
280 7 159 856 64 119 
280 8 135 210 107 59 
280 9 125 899 62 120 
280 10 138 111 97 94 
280 11 282 230 140 93 
280 12 134 589 103 76 
280 14 407 610 96 120 
280 15 138 408 39 118 
280 16 735 963 104 46 
280 17 224 0 133 72 
280 18 178 930 72 110 
280 27 754 1001 111 66 
281 1 506 153 107 110 
281 2 935 869 71 105 
281 3 643 361 58 134 
281 4 1021 712 52 144 
281 5 914 958 112 109 
281 6 736 712 111 89 
281 7 160 857 62 119 
281 8 134 212 108 60 
281 9 127 901 61 120 
281 10 138 111 95 94 
281 11 283 228 140 96 
281 12 132 590 103 76 
281 14 407 610 96 120 
281 15 138 405 40 119 
281 16 732 961 113 50 
281 17 224 0 132 72 
281 18 180 931 72 110 
281 27 756 1000 111 66 
282 1 506 153 107 110 
282 2 942 872 65 92 
282 3 643 360 58 134 
282 4 1021 711 52 144 
282 5 916 961 107 104 
282 6 736 712 111 89 
282 7 161 856 62 122 
282 8 136 214 105 57 
282 9 129 901 61 121 
282 10 139 111 94 95 
282 11 283 225 140 100 
282 12 131 592 100 74 
282 14 407 610 97 120 
282 15 139 403 40 118 
282 16 732 959 117 53 
282 17 223 1 133 71 
282 18 181 928 74 114 
282 27 759 1000 108 66 
283 1 505 153 108 110 
283 2 950 877 60 76 
283 3 643 360 58 134 
283 4 1021 713 51 141 
283 5 914 961 103 104 
283 6 735 711 113 90 
283 7 164 855 61 124 
283 8 140 217 101 54 
283 9 131 902 60 121 
283 10 139 112 94 94 
283 11 284 224 138 101 
283 12 129 592 100 74 
283 14 407 610 97 121 
283 15 140 402 40 117 
283 16 735 958 118 53 
283 17 223 1 134 71 
283 18 183 926 74 117 
283 27 762 1000 107 66 
284 1 506 153 107 110 
284 2 957 878 60 67 
284 3 643 360 58 134 
284 4 1021 713 51 140 
284 5 914 962 101 104 
284 6 735 711 113 90 
284 7 167 855 59 123 
284 8 143 219 98 51 
284 9 133 902 59 121 
284 10 139 110 94 97 
284 11 286 223 134 102 
284 12 128 592 101 74 
284 14 407 610 97 121 
284 15 139 400 41 116 
284 16 738 956 118 54 
284 17 223 1 133 72 
284 18 185 926 75 119 
284 27 766 999 105 65 
285 1 506 153 107 111 
285 2 963 877 63 65 
285 3 644 360 57 134 
285 4 1022 713 50 140 
285 5 915 962 100 106 
285 6 735 711 113 91 
285 7 169 855 58 122 
285 8 143 219 100 52 
285 9 135 902 58 121 
285 10 139 111 94 97 
285 11 287 223 132 103 
285 12 126 592 104 77 
285 14 407 610 96 121 
285 15 140 396 42 120 
285 16 740 955 120 55 
285 17 223 1 133 72 
285 18 187 927 75 120 
285 27 769 996 105 68 
286 1 506 153 108 111 
286 2 969 876 68 63 
286 3 644 361 57 133 
286 4 1022 713 50 139 
286 5 914 958 103 111 
286 6 736 710 112 91 
286 7 172 854 56 121 
286 8 142 219 103 52 
286 9 136 902 58 122 
286 10 139 110 94 99 
286 11 289 222 128 104 
286 12 126 592 105 79 
286 14 407 610 97 121 
286 15 140 395 42 119 
286 16 746 954 115 53 
286 17 224 3 131 70 
286 18 191 930 74 119 
286 27 771 994 106 69 
287 1 506 153 108 111 
287 2 979 875 72 63 
287 3 644 361 58 133 
287 4 1022 713 50 139 
287 5 919 960 99 108 
287 6 736 710 112 91 
287 7 174 854 55 120 
287 8 144 221 101 50 
287 9 138 902 57 123 
287 10 140 110 94 99 
287 11 291 216 129 109 
287 12 126 591 107 81 
287 14 407 610 96 121 
287 15 140 393 42 117 
287 16 748 951 118 54 
287 17 226 5 128 68 
287 18 194 933 73 119 
287 27 774 991 106 72 
288 1 506 153 108 111 
288 2 984 874 76 63 
288 3 643 361 58 133 
288 4 1022 713 50 140 
288 5 921 959 97 109 
288 6 734 710 115 92 
288 7 175 852 54 121 
288 8 144 224 101 48 
288 9 141 905 56 122 
288 10 141 111 92 99 
288 11 295 214 126 111 
288 12 127 592 103 77 
288 14 407 609 97 124 
288 15 141 391 42 117 
288 16 754 950 114 53 
288 17 227 5 126 67 
288 18 198 937 72 117 
288 27 777 989 105 72 
289 1 506 154 108 111 
289 2 988 873 82 65 
289 3 644 360 57 132 
289 4 1022 711 51 143 
289 5 926 961 95 108 
289 6 734 710 114 92 
289 7 179 854 50 116 
289 8 143 225 102 47 
289 9 146 914 53 114 
289 10 142 111 91 99 
289 11 296 211 127 117 
289 12 127 592 102 76 
289 14 406 609 98 123 
289 15 143 389 42 115 
289 16 756 949 115 54 
289 17 228 6 124 66 
289 18 205 945 67 109 
289 27 777 987 108 76 
290 1 507 154 107 110 
290 2 993 872 87 66 
290 3 644 361 57 131 
290 4 1023 712 50 142 
290 5 929 963 92 106 
290 6 734 709 115 93 
290 7 182 856 48 113 
290 8 143 226 103 47 
290 9 152 919 53 111 
290 10 143 112 90 98 
290 11 298 209 127 123 
290 12 127 593 101 75 
290 14 406 609 97 123 
290 15 143 387 43 117 
290 16 760 947 114 55 
290 17 230 7 120 63 
290 18 212 951 64 100 
290 27 781 985 106 78 
291 1 507 154 107 110 
291 2 999 871 90 67 
291 3 644 361 57 131 
291 4 1023 712 50 142 
291 5 931 965 89 102 
291 6 734 709 115 93 
291 7 182 856 47 112 
291 8 143 226 105 47 
291 9 156 924 53 108 
291 10 144 112 88 97 
291 11 300 208 125 126 
291 12 126 594 102 74 
291 14 406 608 97 124 
291 15 143 385 43 118 
291 16 768 945 109 52 
291 17 230 7 120 62 
291 18 220 956 62 95 
291 27 790 982 100 76 
292 1 508 155 106 109 
292 2 1005 870 92 66 
292 3 645 361 56 131 
292 4 1023 712 51 142 
292 5 932 965 88 102 
292 6 733 709 116 93 
292 7 184 858 45 108 
292 8 142 227 108 47 
292 9 157 930 53 103 
292 10 144 112 88 98 
292 11 302 207 123 130 
292 12 125 593 103 76 
292 14 406 608 97 124 
292 15 143 385 43 118 
292 16 773 942 109 54 
292 17 230 7 120 62 
292 18 222 958 64 93 
292 27 795 978 98 78 
293 1 507 155 107 109 
293 2 1012 869 92 66 
293 3 644 361 58 131 
293 4 1023 712 50 142 
293 5 935 967 85 99 
293 6 733 709 116 94 
293 7 187 858 43 105 
293 8 142 227 110 48 
293 9 158 934 54 100 
293 10 145 112 88 98 
293 11 306 206 116 130 
293 12 123 593 104 76 
293 14 406 608 96 123 
293 15 142 384 44 117 
293 16 777 939 109 54 
293 17 229 8 121 61 
293 18 225 959 64 92 
293 27 799 977 94 76 
294 1 507 154 108 110 
294 2 1016 869 92 65 
294 3 645 360 57 132 
294 4 1023 712 50 142 
294 5 938 967 83 99 
294 6 734 709 114 93 
294 7 187 858 43 103 
294 8 141 227 112 48 
294 9 158 938 55 98 
294 10 145 111 89 100 
294 11 308 205 112 132 
294 12 122 592 105 76 
294 14 406 608 97 123 
294 15 143 382 44 117 
294 16 778 935 111 57 
294 17 228 8 122 61 
294 18 227 960 66 91 
294 27 802 977 90 75 
295 1 507 154 108 111 
295 2 1018 869 94 65 
295 3 645 360 58 132 
295 4 1023 711 50 142 
295 5 939 966 85 100 
295 6 735 709 113 93 
295 7 189 859 41 101 
295 8 141 228 114 47 
295 9 159 943 58 99 
295 10 145 111 89 101 
295 11 310 202 109 134 
295 12 122 593 105 75 
295 14 406 608 96 123 
295 15 144 381 43 116 
295 16 779 931 116 60 
295 17 229 9 121 60 
295 18 230 963 67 88 
295 27 804 977 87 74 
296 1 507 154 108 111 
296 2 1019 869 95 66 
296 3 645 359 58 132 
296 4 1023 711 50 143 
296 5 941 965 83 100 
296 6 735 709 113 93 
296 7 190 856 41 103 
296 8 141 228 115 48 
296 9 162 947 60 99 
296 10 145 110 90 103 
296 11 313 199 103 135 
296 12 120 593 107 77 
296 14 406 608 96 124 
296 15 144 379 44 117 
296 16 781 925 120 64 
296 17 228 10 122 60 
296 18 232 965 68 87 
296 27 809 977 84 73 
297 1 507 154 108 111 
297 2 1018 869 97 66 
297 3 645 359 58 132 
297 4 1023 711 50 143 
297 5 942 965 82 98 
297 6 735 709 113 93 
297 7 190 852 42 107 
297 8 141 228 116 48 
297 9 165 949 62 98 
297 10 146 112 87 101 
297 11 315 197 99 134 
297 12 120 595 106 76 
297 14 407 608 96 124 
297 15 144 377 44 117 
297 16 785 921 121 66 
297 17 228 11 122 59 
297 18 235 966 70 86 
297 27 812 977 82 72 
298 1 507 154 108 111 
298 2 1019 869 98 66 
298 3 645 359 58 132 
298 4 1023 711 50 143 
298 5 943 967 80 95 
298 6 735 709 113 93 
298 7 190 849 43 109 
298 8 140 228 117 48 
298 9 168 951 62 97 
298 10 146 113 86 100 
298 11 318 194 95 136 
298 12 118 595 108 78 
298 14 407 609 95 123 
298 15 145 374 44 119 
298 16 792 917 120 67 
298 17 228 11 122 60 
298 18 235 968 72 86 
298 27 816 977 79 70 
299 1 506 154 109 111 
299 2 1019 870 98 65 
299 3 645 358 58 133 
299 4 1023 710 49 144 
299 5 945 966 80 96 
299 6 734 709 115 94 
299 7 191 849 43 109 
299 8 137 227 122 50 
299 9 170 954 64 96 
299 10 145 113 87 101 
299 11 320 193 92 137 
299 12 116 594 111 79 
299 14 406 609 97 124 
299 15 145 372 44 119 
299 16 796 913 120 68 
299 17 227 12 123 59 
299 18 236 971 74 85 
299 27 819 977 77 69 
300 1 506 154 108 111 
300 2 1018 870 98 65 
300 3 645 357 59 134 
300 4 1023 710 49 143 
300 5 945 964 82 98 
300 6 734 709 115 94 
300 7 192 848 42 109 
300 8 135 226 129 53 
300 9 171 957 65 95 
300 10 145 112 87 103 
300 11 322 192 88 138 
300 12 114 592 113 82 
300 14 407 609 96 124 
300 15 146 368 44 120 
300 16 800 909 121 70 
300 17 227 13 123 59 
300 18 239 973 76 84 
300 27 821 976 76 67 
301 1 506 154 108 111 
301 2 1016 870 100 66 
301 3 645 357 59 133 
301 4 1023 710 49 143 
301 5 946 962 82 100 
301 6 734 708 114 95 
301 7 192 847 43 109 
301 8 132 226 134 55 
301 9 173 960 66 94 
301 10 146 112 87 103 
301 11 325 191 84 137 
301 12 113 591 115 84 
301 14 406 610 96 123 
301 15 146 366 44 120 
301 16 802 906 123 71 
301 17 226 14 125 58 
301 18 243 976 77 82 
301 27 824 975 74 67 
302 1 506 154 108 111 
302 2 1016 872 98 63 
302 3 644 356 60 135 
302 4 1023 710 49 143 
302 5 947 960 82 100 
302 6 734 708 114 95 
302 7 192 846 43 110 
302 8 131 226 137 56 
302 9 174 964 68 92 
302 10 146 112 87 103 
302 11 327 190 81 138 
302 12 112 591 116 85 
302 14 406 610 96 123 
302 15 146 364 45 122 
302 16 805 904 121 72 
302 17 226 14 125 59 
302 18 247 980 78 78 
302 27 826 974 72 64 
303 1 506 154 108 111 
303 2 1016 872 97 64 
303 3 644 356 60 135 
303 4 1023 710 49 144 
303 5 947 960 81 99 
303 6 734 708 114 95 
303 7 192 845 43 111 
303 8 130 225 140 58 
303 9 174 965 70 93 
303 10 146 112 87 104 
303 11 329 189 79 139 
303 12 113 592 115 85 
303 14 406 610 96 124 
303 15 147 362 44 124 
303 16 807 901 121 73 
303 17 226 15 125 58 
303 18 249 984 78 75 
303 27 828 973 71 62 
304 1 506 154 108 112 
304 2 1015 873 99 64 
304 3 644 356 60 135 
304 4 1023 710 49 144 
304 5 952 960 80 100 
304 6 734 708 114 95 
304 7 193 845 42 110 
304 8 132 225 139 59 
304 9 175 966 72 92 
304 10 146 112 86 104 
304 11 330 188 77 141 
304 12 114 593 114 85 
304 14 406 610 96 124 
304 15 147 360 45 125 
304 16 812 900 116 71 
304 17 226 15 126 59 
304 18 250 988 80 72 
304 27 827 971 74 65 
305 1 506 154 108 112 
305 2 1014 874 99 64 
305 3 645 357 58 133 
305 4 1023 710 49 144 
305 5 952 956 84 108 
305 6 734 708 114 95 
305 7 194 844 42 109 
305 8 131 225 142 60 
305 9 177 968 72 91 
305 10 147 114 83 101 
305 11 331 186 74 141 
305 12 114 595 113 84 
305 14 406 610 96 124 
305 15 147 359 45 124 
305 16 813 897 118 73 
305 17 225 15 128 59 
305 18 255 991 81 71 
305 27 826 970 77 66 
306 1 507 153 107 113 
306 2 1012 874 100 64 
306 3 644 357 59 133 
306 4 1023 710 48 144 
306 5 952 954 86 112 
306 6 734 708 114 95 
306 7 193 842 43 111 
306 8 132 225 141 60 
306 9 180 973 71 86 
306 10 148 117 80 97 
306 11 333 185 71 140 
306 12 113 593 116 87 
306 14 406 609 96 125 
306 15 148 358 44 123 
306 16 816 895 118 74 
306 17 225 15 128 60 
306 18 263 994 80 69 
306 27 826 969 78 68 
307 1 507 154 107 112 
307 2 1011 875 100 63 
307 3 644 356 59 134 
307 4 1023 710 48 144 
307 5 953 952 85 116 
307 6 734 707 114 96 
307 7 194 839 43 113 
307 8 131 224 144 62 
307 9 186 978 69 81 
307 10 149 118 78 95 
307 11 335 183 69 140 
307 12 112 593 118 88 
307 14 406 609 96 125 
307 15 148 356 44 123 
307 16 819 893 119 76 
307 17 225 16 127 59 
307 18 265 995 82 68 
307 27 826 968 79 68 
308 1 506 154 109 113 
308 2 1010 875 101 63 
308 3 644 356 59 134 
308 4 1023 712 48 141 
308 5 953 948 87 121 
308 6 733 707 115 96 
308 7 194 836 44 115 
308 8 129 222 151 66 
308 9 190 984 69 77 
308 10 149 121 77 92 
308 11 337 178 68 138 
308 12 113 593 117 89 
308 14 406 609 96 125 
308 15 149 354 43 121 
308 16 821 890 119 76 
308 17 224 16 128 59 
308 18 274 998 82 64 
308 27 828 967 79 68 
309 1 506 154 108 113 
309 2 1009 875 102 63 
309 3 645 356 59 134 
309 4 1023 712 48 141 
309 5 954 947 86 123 
309 6 734 707 114 96 
309 7 195 835 43 115 
309 8 128 222 153 68 
309 9 191 986 71 76 
309 10 149 122 77 91 
309 11 338 174 67 141 
309 12 113 593 117 89 
309 14 407 608 95 126 
309 15 149 353 43 119 
309 16 824 889 117 76 
309 17 223 17 130 60 
309 18 280 1001 83 62 
309 27 829 967 80 67 
310 1 506 154 108 114 
310 2 1009 875 102 64 
310 3 645 355 59 135 
310 4 1023 712 47 141 
310 5 955 946 85 124 
310 6 734 707 114 96 
310 7 195 834 43 115 
310 8 128 222 153 69 
310 9 192 988 73 74 
310 10 149 123 76 90 
310 11 340 173 66 140 
310 12 113 594 116 88 
310 14 406 608 96 127 
310 15 149 351 43 119 
310 16 825 888 116 76 
310 17 222 17 131 60 
310 18 287 1002 83 61 
310 27 829 966 81 67 
311 1 506 153 108 115 
311 2 1008 875 104 64 
311 3 644 355 60 135 
311 4 1023 712 47 141 
311 5 957 945 83 125 
311 6 735 707 112 95 
311 7 195 833 44 115 
311 8 128 221 152 71 
311 9 195 990 73 71 
311 10 149 123 77 89 
311 11 342 171 64 139 
311 12 113 593 116 89 
311 14 407 609 94 126 
311 15 149 350 43 120 
311 16 827 887 114 76 
311 17 222 17 130 61 
311 18 291 1003 85 60 
311 27 830 966 81 66 
312 1 507 153 107 115 
312 2 1007 875 105 64 
312 3 645 355 60 135 
312 4 1023 712 47 141 
312 5 959 947 80 122 
312 6 735 707 113 95 
312 7 196 832 43 115 
312 8 130 221 150 71 
312 9 201 997 72 66 
312 10 149 124 77 88 
312 11 343 167 64 140 
312 12 113 593 116 89 
312 14 407 609 94 126 
312 15 149 348 43 119 
312 16 831 885 112 77 
312 17 220 18 132 61 
312 18 299 1004 87 60 
312 27 834 968 78 63 
313 1 506 154 107 114 
313 2 1006 875 106 64 
313 3 648 354 59 132 
313 4 1023 713 47 140 
313 5 962 947 78 123 
313 6 736 707 111 94 
313 7 197 832 43 114 
313 8 131 221 150 72 
313 9 207 997 78 68 
313 10 148 124 78 88 
313 11 345 164 64 141 
313 12 112 593 117 90 
313 14 407 609 94 125 
313 15 149 345 43 120 
313 16 833 883 112 77 
313 17 218 18 133 62 
313 18 302 1003 91 61 
313 27 836 968 79 62 
314 1 506 154 107 115 
314 2 1006 876 105 64 
314 3 652 354 59 129 
314 4 1023 713 47 140 
314 5 965 949 74 120 
314 6 736 707 111 94 
314 7 198 831 42 113 
314 8 131 221 151 73 
314 9 210 996 83 70 
314 10 149 124 77 87 
314 11 347 161 64 142 
314 12 112 593 118 90 
314 14 407 609 94 126 
314 15 149 343 44 120 
314 16 834 880 112 79 
314 17 217 19 135 62 
314 18 309 1001 96 63 
314 27 835 968 82 63 
315 1 507 154 106 115 
315 2 1006 876 105 63 
315 3 654 354 60 128 
315 4 1023 713 47 140 
315 5 967 950 72 118 
315 6 738 708 110 92 
315 7 199 830 42 113 
315 8 133 220 148 75 
315 9 213 998 84 69 
315 10 149 124 78 87 
315 11 348 159 64 142 
315 12 112 593 118 91 
315 14 407 609 94 126 
315 15 149 343 44 120 
315 16 836 880 110 78 
315 17 217 19 135 63 
315 18 314 1001 98 63 
315 27 836 968 84 62 
316 1 506 155 107 114 
316 2 1006 877 106 62 
316 3 656 354 61 126 
316 4 1023 712 47 141 
316 5 969 949 71 119 
316 6 738 708 111 92 
316 7 200 829 41 111 
316 8 135 221 145 75 
316 9 224 1002 82 64 
316 10 149 125 77 85 
316 11 349 156 64 143 
316 12 112 593 117 91 
316 14 407 609 93 127 
316 15 150 343 44 120 
316 16 837 878 109 79 
316 17 217 20 133 62 
316 18 326 1002 97 61 
316 27 841 969 84 60 
317 1 507 155 106 114 
317 2 1005 877 108 62 
317 3 656 353 63 126 
317 4 1023 712 48 141 
317 5 969 949 70 119 
317 6 739 707 110 93 
317 7 200 830 41 109 
317 8 135 221 146 75 
317 9 229 1004 83 62 
317 10 148 125 79 85 
317 11 350 155 63 142 
317 12 112 593 116 91 
317 14 408 610 92 126 
317 15 150 343 44 121 
317 16 837 876 110 80 
317 17 217 21 132 62 
317 18 334 1002 97 59 
317 27 843 968 85 61 
318 1 507 155 106 114 
318 2 1005 877 108 63 
318 3 656 353 63 125 
318 4 1023 712 48 141 
318 5 970 948 70 121 
318 6 738 706 111 94 
318 7 201 829 40 109 
318 8 137 220 146 77 
318 9 234 1006 83 60 
318 10 148 125 80 85 
318 11 352 155 61 138 
318 12 112 595 116 90 
318 14 408 610 92 126 
318 15 150 343 45 120 
318 16 839 875 108 80 
318 17 217 21 132 62 
318 18 339 1002 98 59 
318 27 845 968 87 61 
319 1 508 155 105 114 
319 2 1004 877 111 64 
319 3 656 353 65 124 
319 4 1024 712 46 141 
319 5 971 947 69 122 
319 6 739 706 110 93 
319 7 201 827 41 111 
319 8 138 218 147 80 
319 9 239 1006 87 61 
319 10 149 125 79 83 
319 11 353 153 61 136 
319 12 113 597 114 89 
319 14 408 609 92 126 
319 15 151 340 45 122 
319 16 841 874 106 79 
319 17 215 22 132 62 
319 18 344 1001 101 61 
319 27 847 968 89 62 
320 1 509 155 105 114 
320 2 1003 877 114 65 
320 3 657 352 67 123 
320 4 1023 711 48 142 
320 5 972 948 67 120 
320 6 739 706 111 93 
320 7 202 826 41 111 
320 8 136 215 148 83 
320 9 244 1006 89 61 
320 10 149 126 80 83 
320 11 353 151 62 137 
320 12 113 596 113 88 
320 14 408 609 91 125 
320 15 152 337 44 122 
320 16 841 872 107 80 
320 17 214 22 134 63 
320 18 348 1000 101 60 
320 27 847 968 91 63 
321 1 509 156 105 113 
321 2 1003 878 113 64 
321 3 657 352 68 122 
321 4 1023 711 48 141 
321 5 974 950 66 118 
321 6 739 705 111 94 
321 7 202 825 42 112 
321 8 136 213 148 86 
321 9 246 1006 91 61 
321 10 148 126 81 83 
321 11 354 149 62 137 
321 12 113 596 112 88 
321 14 409 609 90 125 
321 15 152 334 45 124 
321 16 841 871 107 82 
321 17 213 22 135 64 
321 18 351 999 103 61 
321 27 847 968 93 63 
322 1 509 156 105 113 
322 2 1004 879 112 64 
322 3 657 351 69 122 
322 4 1023 711 47 141 
322 5 977 952 64 116 
322 6 739 705 111 93 
322 7 203 823 42 112 
322 8 131 207 158 96 
322 9 252 1006 93 60 
322 10 147 128 81 81 
322 11 356 146 63 136 
322 12 114 597 110 87 
322 14 409 609 90 125 
322 15 152 333 45 122 
322 16 841 871 107 82 
322 17 213 22 135 66 
322 18 357 998 106 62 
322 27 849 969 95 64 
323 1 509 156 105 113 
323 2 1004 879 112 64 
323 3 656 349 71 123 
323 4 1023 710 47 142 
323 5 977 952 64 116 
323 6 739 704 111 94 
323 7 204 822 41 112 
323 8 131 203 161 104 
323 9 256 1007 95 59 
323 10 146 128 81 81 
323 11 357 145 63 136 
323 12 114 598 109 86 
323 14 409 610 90 124 
323 15 153 332 45 122 
323 16 842 871 106 82 
323 17 212 23 136 66 
323 18 362 998 107 61 
323 27 851 969 97 64 
324 1 509 156 105 113 
324 2 1004 880 112 63 
324 3 656 349 72 122 
324 4 1023 710 47 142 
324 5 978 952 63 117 
324 6 738 703 113 95 
324 7 204 820 42 113 
324 8 132 198 161 111 
324 9 259 1008 95 58 
324 10 145 129 81 80 
324 11 357 144 63 137 
324 12 114 598 109 86 
324 14 409 610 90 124 
324 15 153 332 45 122 
324 16 842 870 106 83 
324 17 211 23 136 67 
324 18 365 997 108 61 
324 27 851 969 98 64 
325 1 509 156 105 113 
325 2 1003 881 114 63 
325 3 655 348 74 122 
325 4 1024 710 46 142 
325 5 979 952 63 117 
325 6 739 703 112 94 
325 7 204 819 42 114 
325 8 133 194 162 119 
325 9 268 1011 93 56 
325 10 146 132 77 75 
325 11 356 142 65 138 
325 12 114 597 109 86 
325 14 409 610 90 125 
325 15 152 330 47 125 
325 16 843 870 106 83 
325 17 212 24 135 68 
325 18 372 997 106 60 
325 27 853 969 99 65 
326 1 509 156 106 113 
326 2 1003 881 114 64 
326 3 656 349 75 120 
326 4 1024 710 46 142 
326 5 979 950 63 118 
326 6 740 703 111 94 
326 7 205 819 42 113 
326 8 134 191 161 125 
326 9 276 1011 94 56 
326 10 145 133 77 72 
326 11 357 141 65 136 
326 12 114 596 110 87 
326 14 409 610 90 125 
326 15 153 330 46 126 
326 16 844 869 105 83 
326 17 212 24 134 69 
326 18 377 997 106 59 
326 27 854 969 100 66 
327 1 508 155 107 115 
327 2 1003 881 114 64 
327 3 657 349 77 119 
327 4 1024 710 46 141 
327 5 980 950 62 118 
327 6 744 699 112 96 
327 7 205 818 43 113 
327 8 138 185 159 132 
327 9 284 1011 97 56 
327 10 144 132 79 71 
327 11 360 139 63 130 
327 12 114 596 110 87 
327 14 410 609 89 125 
327 15 153 330 47 127 
327 16 847 869 102 81 
327 17 210 23 137 71 
327 18 383 994 108 61 
327 27 857 969 100 66 
328 1 508 154 107 116 
328 2 1004 882 114 63 
328 3 658 348 78 119 
328 4 1024 710 46 141 
328 5 980 950 62 118 
328 6 745 695 116 100 
328 7 206 817 42 113 
328 8 143 181 152 135 
328 9 291 1012 98 56 
328 10 143 131 79 70 
328 11 361 135 64 129 
328 12 114 596 110 87 
328 14 410 609 89 125 
328 15 153 330 48 127 
328 16 847 870 102 81 
328 17 209 24 137 71 
328 18 389 993 109 61 
328 27 862 970 98 64 
329 1 508 154 107 116 
329 2 1005 882 112 62 
329 3 659 349 77 114 
329 4 1024 710 46 141 
329 5 982 951 61 117 
329 6 747 689 119 105 
329 7 206 816 43 114 
329 8 147 177 146 138 
329 9 300 1016 98 55 
329 10 143 131 79 68 
329 11 363 130 65 131 
329 12 114 597 109 86 
329 14 410 609 88 125 
329 15 154 331 47 126 
329 16 846 871 102 81 
329 17 206 23 141 75 
329 18 395 992 109 60 
329 27 864 970 99 64 
330 1 508 154 107 116 
330 2 1005 883 112 61 
330 3 660 350 78 111 
330 4 1024 711 46 139 
330 5 983 952 60 116 
330 6 754 685 116 103 
330 7 205 816 44 115 
330 8 153 173 139 140 
330 9 306 1016 101 56 
330 10 142 130 80 67 
330 11 363 126 67 134 
330 12 114 597 110 86 
330 14 410 608 88 125 
330 15 154 332 46 125 
330 16 846 870 102 81 
330 17 204 23 141 76 
330 18 402 991 105 58 
330 27 867 970 99 64 
331 1 508 154 108 117 
331 2 1004 883 113 61 
331 3 659 351 79 109 
331 4 1024 712 46 138 
331 5 984 953 59 116 
331 6 757 681 116 104 
331 7 206 815 43 115 
331 8 157 171 132 141 
331 9 310 1016 103 56 
331 10 140 129 83 67 
331 11 364 124 68 135 
331 12 114 597 110 86 
331 14 409 607 89 127 
331 15 154 331 47 126 
331 16 847 871 101 80 
331 17 204 23 140 76 
331 18 404 991 107 58 
331 27 870 971 98 62 
332 1 509 154 107 117 
332 2 1004 883 113 62 
332 3 660 351 80 108 
332 4 1025 712 45 137 
332 5 987 955 57 114 
332 6 765 677 109 99 
332 7 206 814 44 117 
332 8 162 168 124 141 
332 9 321 1017 102 55 
332 10 140 129 83 65 
332 11 367 121 67 135 
332 12 114 597 109 86 
332 14 409 607 89 127 
332 15 154 332 47 125 
332 16 849 870 100 80 
332 17 203 25 137 75 
332 18 409 989 106 58 
332 27 873 971 99 62 
333 1 509 154 107 117 
333 2 1003 884 115 62 
333 3 660 352 79 103 
333 4 1025 713 45 136 
333 5 988 956 56 114 
333 6 768 673 111 99 
333 7 206 814 45 116 
333 8 168 168 114 137 
333 9 328 1019 103 53 
333 10 140 129 83 64 
333 11 369 119 68 134 
333 12 114 597 110 86 
333 14 409 606 88 128 
333 15 154 332 46 124 
333 16 850 870 99 79 
333 17 203 26 135 75 
333 18 412 987 108 59 
333 27 875 970 100 63 
334 1 509 154 107 117 
334 2 1004 886 113 60 
334 3 660 352 80 102 
334 4 1025 712 45 137 
334 5 990 958 55 111 
334 6 771 668 111 100 
334 7 206 814 45 116 
334 8 174 168 105 132 
334 9 339 1023 98 50 
334 10 139 129 86 64 
334 11 369 116 69 136 
334 12 115 598 109 85 
334 14 409 607 87 126 
334 15 154 332 46 123 
334 16 851 870 99 79 
334 17 201 27 134 76 
334 18 416 986 109 60 
334 27 875 970 101 63 
335 1 509 154 107 117 
335 2 1004 886 112 61 
335 3 658 351 83 101 
335 4 1025 710 45 140 
335 5 990 959 54 110 
335 6 773 666 111 99 
335 7 206 814 45 116 
335 8 178 167 99 131 
335 9 345 1024 98 49 
335 10 137 129 88 64 
335 11 369 114 70 137 
335 12 115 598 109 84 
335 14 409 607 87 126 
335 15 154 331 46 123 
335 16 852 871 97 78 
335 17 200 28 134 76 
335 18 418 986 109 60 
335 27 875 970 105 65 
336 1 510 155 106 115 
336 2 1004 887 112 60 
336 3 657 352 84 99 
336 4 1025 710 45 140 
336 5 991 959 53 110 
336 6 775 661 112 101 
336 7 206 814 45 116 
336 8 182 164 95 132 
336 9 349 1026 101 49 
336 10 137 129 87 62 
336 11 370 110 70 139 
336 12 114 598 110 84 
336 14 410 608 85 124 
336 15 154 332 47 124 
336 16 853 871 96 76 
336 17 200 28 132 76 
336 18 419 985 110 61 
336 27 878 969 105 65 
337 1 509 154 108 117 
337 2 1003 887 114 60 
337 3 658 353 83 96 
337 4 1025 709 46 141 
337 5 992 962 52 107 
337 6 777 658 114 101 
337 7 206 814 46 115 
337 8 186 162 91 131 
337 9 356 1027 102 49 
337 10 136 128 87 62 
337 11 371 106 71 143 
337 12 114 598 110 84 
337 14 409 608 86 125 
337 15 155 333 46 123 
337 16 853 871 95 75 
337 17 199 28 131 76 
337 18 419 985 111 60 
337 27 881 968 105 65 
338 1 508 154 109 118 
338 2 1004 888 112 59 
338 3 658 355 83 91 
338 4 1025 711 45 139 
338 5 994 963 52 106 
338 6 778 655 116 103 
338 7 206 813 46 116 
338 8 190 157 86 131 
338 9 360 1028 106 50 
338 10 135 127 88 62 
338 11 371 104 72 143 
338 12 114 598 111 84 
338 14 409 608 87 126 
338 15 155 333 46 125 
338 16 853 870 95 76 
338 17 197 28 130 77 
338 18 418 985 111 62 
338 27 885 968 104 65 
339 1 508 153 109 119 
339 2 1003 888 113 59 
339 3 660 354 84 90 
339 4 1025 712 45 138 
339 5 994 964 51 105 
339 6 780 652 116 104 
339 7 206 813 46 116 
339 8 194 151 81 129 
339 9 365 1029 106 50 
339 10 134 127 88 60 
339 11 373 103 70 140 
339 12 114 598 110 84 
339 14 410 608 86 127 
339 15 154 333 46 125 
339 16 853 870 95 75 
339 17 197 29 128 76 
339 18 416 984 113 62 
339 27 888 968 104 64 
340 1 508 153 109 120 
340 2 1003 888 117 61 
340 3 660 354 87 91 
340 4 1026 712 44 137 
340 5 996 967 49 99 
340 6 785 649 114 102 
340 7 207 812 46 115 
340 8 199 146 76 126 
340 9 376 1032 104 47 
340 10 135 127 87 59 
340 11 376 102 69 137 
340 12 113 598 113 86 
340 14 410 608 86 127 
340 15 155 333 45 124 
340 16 852 869 97 76 
340 17 196 31 126 75 
340 18 416 984 114 63 
340 27 890 966 108 66 
341 1 508 153 109 121 
341 2 1004 887 119 62 
341 3 660 354 90 90 
341 4 1026 710 44 139 
341 5 998 966 50 101 
341 6 787 647 113 101 
341 7 207 812 46 116 
341 8 203 144 71 124 
341 9 383 1032 104 47 
341 10 134 127 88 59 
341 11 377 101 68 135 
341 12 113 597 113 86 
341 14 410 608 86 128 
341 15 155 332 45 125 
341 16 852 868 97 77 
341 17 195 32 126 75 
341 18 415 984 115 63 
341 27 891 966 108 65 
342 1 508 154 109 119 
342 2 1004 886 120 63 
342 3 661 354 91 89 
342 4 1026 710 44 138 
342 5 999 969 49 100 
342 6 788 645 114 102 
342 7 208 812 45 114 
342 8 207 143 68 120 
342 9 389 1032 106 47 
342 10 134 131 85 55 
342 11 379 98 67 130 
342 12 113 597 114 87 
342 14 410 608 86 128 
342 15 155 332 46 126 
342 16 851 868 97 76 
342 17 194 32 127 77 
342 18 416 984 115 63 
342 27 892 965 108 65 
343 1 509 154 108 118 
343 2 1009 888 115 60 
343 3 663 353 92 87 
343 4 1026 710 44 138 
343 5 999 973 49 98 
343 6 791 642 114 102 
343 7 208 812 46 114 
343 8 211 142 64 118 
343 9 396 1033 102 45 
343 10 134 133 83 54 
343 11 382 96 65 127 
343 12 114 599 113 85 
343 14 410 608 86 128 
343 15 155 334 45 124 
343 16 850 866 100 77 
343 17 193 32 126 78 
343 18 417 984 113 63 
343 27 895 964 108 65 
344 1 508 154 109 118 
344 2 1017 891 114 58 
344 3 663 352 94 86 
344 4 1026 710 44 138 
344 5 998 973 51 98 
344 6 797 641 111 100 
344 7 208 811 46 114 
344 8 213 137 63 119 
344 9 402 1036 99 42 
344 10 132 134 85 54 
344 11 383 93 66 129 
344 12 114 599 112 85 
344 14 410 609 86 128 
344 15 155 334 45 125 
344 16 850 866 99 77 
344 17 193 33 124 77 
344 18 419 985 110 61 
344 27 898 964 108 63 
345 1 508 154 109 119 
345 2 1026 895 109 55 
345 3 664 351 96 85 
345 4 1026 710 44 138 
345 5 998 971 52 101 
345 6 803 637 110 99 
345 7 208 811 46 114 
345 8 215 132 62 123 
345 9 408 1037 99 42 
345 10 128 137 87 53 
345 11 385 88 68 131 
345 12 115 600 111 83 
345 14 411 609 84 127 
345 15 155 334 45 125 
345 16 849 866 100 76 
345 17 192 33 124 78 
345 18 419 985 111 60 
345 27 902 963 108 63 
346 1 509 154 107 118 
346 2 1029 896 109 55 
346 3 664 351 97 85 
346 4 1026 710 44 138 
346 5 998 970 53 103 
346 6 807 633 109 98 
346 7 208 811 47 114 
346 8 217 130 60 123 
346 9 411 1037 100 42 
346 10 126 138 90 54 
346 11 386 85 68 133 
346 12 115 600 111 83 
346 14 411 609 84 127 
346 15 155 334 45 125 
346 16 849 865 100 76 
346 17 193 34 122 77 
346 18 419 984 110 61 
346 27 903 962 110 63 
347 1 509 154 108 118 
347 2 1030 897 110 55 
347 3 664 351 100 84 
347 4 1026 710 44 138 
347 5 998 970 53 103 
347 6 810 629 109 98 
347 7 208 811 47 114 
347 8 219 125 59 125 
347 9 413 1037 103 42 
347 10 124 138 93 55 
347 11 387 83 68 132 
347 12 115 600 112 83 
347 14 411 609 84 127 
347 15 155 334 46 125 
347 16 849 865 101 75 
347 17 193 34 120 77 
347 18 418 983 112 62 
347 27 904 961 111 64 
348 1 508 154 108 118 
348 2 1032 898 114 56 
348 3 665 351 101 83 
348 4 1025 710 44 139 
348 5 997 970 54 103 
348 6 814 624 111 102 
348 7 209 811 47 113 
348 8 222 124 55 121 
348 9 415 1037 105 42 
348 10 123 139 95 55 
348 11 388 79 68 132 
348 12 115 600 112 83 
348 14 411 609 84 127 
348 15 155 334 45 124 
348 16 849 865 100 75 
348 17 192 35 117 77 
348 18 419 983 112 62 
348 27 906 961 110 63 
349 1 508 153 109 120 
349 2 1037 900 113 55 
349 3 663 348 105 86 
349 4 1025 710 44 140 
349 5 999 969 53 104 
349 6 816 617 117 108 
349 7 209 810 48 114 
349 8 224 123 53 119 
349 9 420 1036 109 43 
349 10 121 140 99 56 
349 11 390 76 68 132 
349 12 115 600 112 83 
349 14 412 609 83 125 
349 15 155 334 45 124 
349 16 849 865 100 74 
349 17 188 39 113 74 
349 18 419 983 114 62 
349 27 908 960 109 63 
350 1 507 153 110 120 
350 2 1041 901 114 55 
350 3 662 348 107 85 
350 4 1025 710 45 140 
350 5 999 969 54 103 
350 6 820 614 117 110 
350 7 209 810 48 114 
350 8 226 121 52 118 
350 9 425 1037 108 42 
350 10 120 141 101 57 
350 11 391 73 69 133 
350 12 115 600 112 82 
350 14 412 608 83 125 
350 15 155 333 45 124 
350 16 848 865 102 74 
350 17 186 40 110 74 
350 18 420 982 113 63 
350 27 909 960 109 62 
351 1 507 153 110 121 
351 2 1046 903 115 55 
351 3 662 347 108 86 
351 4 1025 709 44 141 
351 5 1001 972 52 101 
351 6 826 611 116 110 
351 7 209 810 48 115 
351 8 228 117 51 119 
351 9 431 1037 108 42 
351 10 119 143 103 58 
351 11 391 70 70 136 
351 12 115 600 112 82 
351 14 413 608 83 125 
351 15 155 333 45 124 
351 16 847 865 103 75 
351 17 181 41 113 76 
351 18 422 982 111 62 
351 27 911 959 109 62 
352 1 508 153 109 121 
352 2 1050 904 115 55 
352 3 661 347 111 87 
352 4 1024 709 45 143 
352 5 1002 977 51 97 
352 6 830 605 118 113 
352 7 209 809 48 116 
352 8 230 114 50 119 
352 9 435 1037 108 42 
352 10 117 145 105 58 
352 11 391 66 71 139 
352 12 115 598 111 82 
352 14 413 608 83 125 
352 15 156 333 44 123 
352 16 846 865 104 75 
352 17 177 42 114 78 
352 18 422 982 111 61 
352 27 916 959 107 60 
353 1 507 153 110 121 
353 2 1054 906 114 53 
353 3 662 347 112 87 
353 4 1024 709 45 143 
353 5 1003 980 49 93 
353 6 835 600 117 115 
353 7 209 808 48 117 
353 8 232 112 49 120 
353 9 444 1038 104 40 
353 10 114 146 109 60 
353 11 392 63 71 140 
353 12 115 598 111 81 
353 14 413 607 84 126 
353 15 156 333 43 122 
353 16 846 865 105 76 
353 17 171 42 116 82 
353 18 424 981 110 61 
353 27 918 958 109 62 
354 1 508 152 109 122 
354 2 1058 908 114 52 
354 3 662 348 112 85 
354 4 1024 710 45 143 
354 5 1003 981 48 91 
354 6 839 594 118 118 
354 7 209 808 48 117 
354 8 234 112 47 119 
354 9 452 1039 103 39 
354 10 114 148 109 60 
354 11 394 60 70 140 
354 12 115 598 110 80 
354 14 413 607 83 126 
354 15 156 333 43 122 
354 16 847 866 104 75 
354 17 166 43 116 82 
354 18 426 979 108 61 
354 27 923 958 108 59 
355 1 508 153 109 121 
355 2 1063 910 114 51 
355 3 662 348 114 85 
355 4 1024 710 45 144 
355 5 1004 981 47 90 
355 6 844 589 118 119 
355 7 209 808 49 117 
355 8 234 112 47 118 
355 9 466 1042 98 35 
355 10 114 150 107 60 
355 11 397 57 69 139 
355 12 115 598 111 81 
355 14 411 605 85 130 
355 15 156 333 43 123 
355 16 848 867 103 73 
355 17 164 44 113 81 
355 18 423 976 112 63 
355 27 925 957 111 61 
356 1 509 153 108 121 
356 2 1068 913 112 49 
356 3 662 349 114 84 
356 4 1024 710 45 143 
356 5 1005 980 48 92 
356 6 849 583 117 122 
356 7 210 807 48 118 
356 8 235 111 47 119 
356 9 477 1042 99 35 
356 10 113 151 108 60 
356 11 399 56 68 136 
356 12 116 597 110 81 
356 14 410 605 85 131 
356 15 156 333 44 123 
356 16 848 868 102 72 
356 17 161 45 115 81 
356 18 422 973 116 67 
356 27 926 957 111 60 
357 1 509 153 108 121 
357 2 1071 915 112 48 
357 3 661 349 116 85 
357 4 1024 709 45 144 
357 5 1005 979 49 93 
357 6 853 579 115 123 
357 7 209 807 49 118 
357 8 235 109 48 119 
357 9 487 1043 98 33 
357 10 114 152 109 61 
357 11 401 53 67 136 
357 12 117 598 109 79 
357 14 411 604 85 132 
357 15 156 334 43 122 
357 16 847 868 103 72 
357 17 158 46 114 82 
357 18 420 970 120 69 
357 27 926 957 113 60 
358 1 508 153 108 121 
358 2 1075 917 111 47 
358 3 660 349 120 86 
358 4 1024 709 45 144 
358 5 1006 980 49 93 
358 6 855 576 116 125 
358 7 210 808 48 116 
358 8 236 106 48 122 
358 9 491 1043 101 33 
358 10 115 154 107 60 
358 11 402 50 67 137 
358 12 117 596 111 81 
358 14 411 603 85 133 
358 15 156 334 43 124 
358 16 846 867 105 73 
358 17 155 46 116 84 
358 18 421 968 120 70 
358 27 926 956 113 61 
359 1 509 153 107 121 
359 2 1080 919 111 46 
359 3 660 348 121 89 
359 4 1024 709 45 144 
359 5 1007 985 47 89 
359 6 862 570 113 126 
359 7 210 809 48 115 
359 8 237 102 49 124 
359 9 503 1042 101 33 
359 10 115 156 108 62 
359 11 405 45 66 137 
359 12 117 596 111 80 
359 14 411 603 85 134 
359 15 156 335 43 123 
359 16 846 867 105 72 
359 17 152 47 117 86 
359 18 421 963 127 76 
359 27 929 956 109 58 
